entreprise_a,entreprise_b
2385,3534.0
2899,1463.0
2713,2013.0
3958,3692.0
2623,1529.0
3054,1641.0
3418,2047.0
2093,2886.0
3259,1517.0
2856,2197.0
1464,1389.0
2598,4066.0
4093,2274.0
1708,2905.0
1459,1248.0
2962,2580.0
2992,2798.0
1576,3596.0
3976,2549.0
3734,1289.0
1656,2400.0
3760,2148.0
2854,3493.0
2033,1718.0
2335,3588.0
3933,1161.0
2049,2395.0
2228,1125.0
3711,1581.0
3510,1773.0
2244,2990.0
1797,2920.0
1979,1643.0
3997,2001.0
3067,3786.0
3535,3142.0
2712,3830.0
3939,3409.0
4008,1557.0
4030,1332.0
3227,4986.0
1783,6598.0
3873,5206.0
2835,5424.0
3839,5862.0
3312,5742.0
2555,5025.0
3337,4521.0
1580,5382.0
1430,4807.0
