bwt;gestation;parity;age;height;weight;smoke;tension;IMC
3,43;284;FAUX;27;155;45,3;FAUX;16,1;18,855359
3,23;282;FAUX;33;160;61,16;FAUX;12,7;23,890625
3,66;279;FAUX;28;160;52,09;VRAI;14,8;20,34765625
3,09;282;FAUX;23;167,5;56,62;VRAI;13,3;20,18088661
3,89;286;FAUX;25;155;42,13;FAUX;13,3;17,5359001
3,94;244;FAUX;33;155;80,63;FAUX;11,9;33,56087409
3,77;245;FAUX;23;162,5;63,42;FAUX;13,4;24,01704142
3,43;289;FAUX;25;155;56,62;FAUX;11,7;23,56711759
4,09;299;FAUX;30;165;61,61;VRAI;18,9;22,62993572
4;351;FAUX;27;170;54,36;FAUX;12;18,80968858
4,11;282;FAUX;32;160;56,17;VRAI;12,5;21,94140625
4,03;279;FAUX;23;157,5;57,98;VRAI;18,7;23,37314185
3,14;281;FAUX;36;152,5;44,85;VRAI;16,1;19,2851384
3,26;273;FAUX;30;157,5;69,76;FAUX;11,6;28,12194507
3,29;285;FAUX;38;157,5;58,89;FAUX;11,8;23,73998488
2,63;255;FAUX;25;162,5;56,62;VRAI;14,5;21,44189349
3,29;261;FAUX;33;150;56,62;VRAI;15,4;25,16444444
4,11;261;FAUX;33;170;77,01;FAUX;13,3;26,64705882
3,4;288;FAUX;43;165;64,33;VRAI;19,6;23,62901745
3;270;FAUX;22;140;42,13;FAUX;14,2;21,49489796
3,29;274;FAUX;27;167,5;79,28;VRAI;15,3;28,25751838
3,91;287;FAUX;25;165;65,69;FAUX;12,1;24,12855831
3,49;276;FAUX;30;170;82,45;FAUX;13,2;28,52941176
3,74;294;FAUX;23;162,5;55,27;FAUX;11,3;20,93065089
2,94;261;FAUX;27;162,5;50,74;VRAI;13,8;19,21514793
4,17;280;FAUX;26;145;48,02;FAUX;12,7;22,83947681
3,26;266;FAUX;20;162,5;79,28;VRAI;20,4;30,02319527
3,57;292;FAUX;32;162,5;56,62;FAUX;14,7;21,44189349
3,26;274;FAUX;28;165;59,8;VRAI;16,9;21,9651056
3,49;270;FAUX;26;152,5;47,57;FAUX;12,8;20,45471647
2,66;278;FAUX;34;152,5;66,14;FAUX;13,5;28,43966676
3,71;268;FAUX;30;165;55,72;FAUX;13,5;20,46648301
3,4;275;FAUX;23;150;47,57;FAUX;14,2;21,14222222
3,23;281;FAUX;24;162,5;54,36;FAUX;12,1;20,5860355
3,83;283;FAUX;22;167,5;58,89;FAUX;12,2;20,9899755
3,06;279;FAUX;24;157,5;52,09;FAUX;11,8;20,99874024
3,83;288;FAUX;23;157,5;41,68;VRAI;16,6;16,80221718
3,49;267;FAUX;27;162,5;45,75;VRAI;18,5;17,32544379
3,69;293;FAUX;30;152,5;72,48;FAUX;13,9;31,16581564
3,14;278;FAUX;23;157,5;80,18;FAUX;12;32,32249937
3,17;270;FAUX;27;152,5;53,91;FAUX;13,7;23,18086536
2,49;248;FAUX;37;162,5;58,89;VRAI;15,8;22,30153846
4,09;274;FAUX;27;157,5;49,83;VRAI;15,2;20,08767952
4,43;294;FAUX;32;165;67,95;FAUX;13,9;24,95867769
3,14;272;FAUX;25;150;40,77;FAUX;13,3;18,12
3,49;275;FAUX;26;165;66,59;FAUX;13,4;24,45913682
4,14;291;FAUX;26;157,5;53,91;VRAI;15,9;21,7324263
3,29;258;FAUX;26;155;58,89;FAUX;12,6;24,5119667
3,09;283;FAUX;31;162,5;67,04;VRAI;17,1;25,38792899
2,91;282;FAUX;28;152,5;49,83;FAUX;12,6;21,42649825
4,09;286;FAUX;31;160;57,08;FAUX;14,1;22,296875
4,17;267;FAUX;30;167,5;59,8;FAUX;13;21,3143239
3,54;275;FAUX;22;150;58,89;FAUX;11,3;26,17333333
3,54;278;FAUX;26;175;65,69;VRAI;15;21,44979592
4,14;257;FAUX;33;162,5;63,42;FAUX;13,5;24,01704142
3,03;273;FAUX;28;150;52,55;FAUX;12,1;23,35555556
2,14;232;FAUX;33;152,5;49,83;FAUX;13,1;21,42649825
3,06;273;FAUX;24;152,5;43,49;FAUX;14;18,70034937
3,54;288;FAUX;22;167,5;53,45;FAUX;11,5;19,05101359
3,49;280;FAUX;23;162,5;56,62;VRAI;10,5;21,44189349
2,89;245;FAUX;23;157,5;58,89;VRAI;19,3;23,73998488
3,66;283;FAUX;28;157,5;56,62;VRAI;13,3;22,82489292
2,97;282;FAUX;36;162,5;52,09;VRAI;18,9;19,72639053
2,77;246;FAUX;37;157,5;67,95;FAUX;13,4;27,39229025
3,91;274;FAUX;26;172,5;62,06;VRAI;16,6;20,85612266
2,94;273;FAUX;31;157,5;77,01;VRAI;15,6;31,04459562
4,06;276;FAUX;38;157,5;77,01;FAUX;15,5;31,04459562
3,71;289;FAUX;27;165;58,89;FAUX;13,3;21,63085399
4,46;292;FAUX;26;157,5;53,45;FAUX;12,8;21,54698917
3,8;284;FAUX;25;165;56,62;VRAI;16,3;20,79706152
3,43;274;FAUX;24;155;54,36;FAUX;11,9;22,6264308
2,6;270;FAUX;24;150;67,5;VRAI;18,9;30
3,63;274;FAUX;21;155;49,83;FAUX;11,4;20,7408949
4,37;286;FAUX;26;157,5;48,47;VRAI;19,7;19,53943059
3,46;276;FAUX;39;157,5;58,89;FAUX;13,6;23,73998488
3,43;277;FAUX;27;157,5;57,08;FAUX;12,8;23,01033006
2,83;272;FAUX;27;155;46,66;VRAI;18;19,421436
4,26;293;FAUX;35;162,5;52,55;FAUX;12,9;19,90059172
3,69;280;FAUX;23;160;47,11;FAUX;13,7;18,40234375
3,97;292;FAUX;25;170;61,16;FAUX;11,4;21,16262976
3,26;274;FAUX;33;167,5;67,04;VRAI;15,6;23,89485409
3,94;287;FAUX;30;165;65,69;FAUX;13,6;24,12855831
3,94;294;FAUX;32;162,5;53;FAUX;11,6;20,07100592
3,74;296;FAUX;37;157,5;64,78;FAUX;16;26,1143865
3,57;305;FAUX;22;175;88,79;VRAI;16,2;28,99265306
3,66;281;FAUX;33;147,5;53;FAUX;11,8;24,36081586
3,83;268;FAUX;28;155;50,74;FAUX;14,1;21,11966701
3,26;271;FAUX;27;150;47,11;FAUX;10,7;20,93777778
2,43;278;FAUX;23;152,5;46,66;VRAI;17,1;20,06342381
3,86;282;FAUX;22;160;45,3;FAUX;10,4;17,6953125
2,49;255;FAUX;28;152,5;45,3;VRAI;15,3;19,47863478
3,57;302;FAUX;37;155;73,39;FAUX;13,9;30,54734651
3;254;FAUX;29;160;62,06;FAUX;12,8;24,2421875
3,43;279;FAUX;27;150;54,81;VRAI;17,7;24,36
3,4;274;FAUX;33;160;54,36;FAUX;10,9;21,234375
3,06;280;FAUX;36;162,5;53;VRAI;18;20,07100592
3,4;273;FAUX;24;152,5;48,92;VRAI;18,8;21,03520559
3,8;279;FAUX;37;165;63,42;FAUX;12,1;23,29476584
4,43;287;FAUX;33;165;64,78;FAUX;13,1;23,7943067
3,6;273;FAUX;22;162,5;67,95;FAUX;12,4;25,73254438
3,69;303;FAUX;27;160;56,62;FAUX;12,2;22,1171875
3,91;274;FAUX;29;162,5;69,76;FAUX;11,8;26,41798817
3,57;302;FAUX;28;162,5;56,62;FAUX;12,9;21,44189349
2,6;255;FAUX;19;167,5;61,61;VRAI;14,9;21,95945645
2,71;279;FAUX;22;165;65,69;VRAI;15,3;24,12855831
3,37;276;FAUX;29;160;51,64;FAUX;13,4;20,171875
4,03;278;FAUX;33;165;49,38;VRAI;14,7;18,13774105
3,74;283;FAUX;25;167,5;97,39;FAUX;10,9;34,71240811
3,46;264;FAUX;32;165;65,69;FAUX;12,6;24,12855831
2,86;243;FAUX;39;162,5;77,01;VRAI;16,8;29,1635503
3,74;288;FAUX;24;152,5;46,66;FAUX;13,9;20,06342381
3,37;284;FAUX;26;165;60,25;FAUX;9,5;22,13039486
4,34;288;FAUX;35;167,5;58,89;FAUX;13,5;20,9899755
3,46;284;FAUX;34;172,5;70,22;FAUX;13,8;23,5984037
3,34;276;FAUX;31;172,5;67,95;FAUX;13,2;22,83553875
3,29;283;FAUX;25;152,5;67,95;VRAI;15,8;29,21795216
3,2;277;FAUX;23;162,5;49,83;FAUX;12,1;18,87053254
2,69;267;FAUX;30;155;54,36;VRAI;18,1;22,6264308
3,11;272;FAUX;35;165;69,76;FAUX;13;25,62350781
3,77;225;FAUX;28;167,5;67,04;FAUX;13,9;23,89485409
3,34;278;FAUX;25;155;46,66;FAUX;13,8;19,421436
2,89;266;FAUX;20;167,5;49,83;VRAI;18,1;17,7607485
3,2;294;FAUX;25;160;56,62;VRAI;18,1;22,1171875
3,66;283;FAUX;24;150;45,3;FAUX;12,9;20,13333333
3,66;279;FAUX;25;165;66,59;VRAI;15;24,45913682
3,34;258;FAUX;31;160;54,36;FAUX;15,3;21,234375
3,83;278;FAUX;24;172,5;61,16;FAUX;12,5;20,5536652
3,63;284;FAUX;28;162,5;65,69;FAUX;13,1;24,87668639
2,66;269;FAUX;21;162,5;47,11;VRAI;17,4;17,84047337
3,49;275;FAUX;27;162,5;74,75;FAUX;11,7;28,30769231
2,86;265;FAUX;39;155;48,47;VRAI;21,2;20,1748179
4,2;293;FAUX;32;162,5;55,72;FAUX;13,2;21,10106509
3,43;299;FAUX;25;162,5;49,83;FAUX;11,7;18,87053254
4,11;277;FAUX;30;157,5;57,53;FAUX;13,2;23,19173595
3;268;FAUX;32;152,5;52,09;VRAI;21,1;22,39828003
3,89;276;FAUX;23;165;70,22;FAUX;13,1;25,79247016
2,91;262;FAUX;24;157,5;56,62;FAUX;12,2;22,82489292
4,57;300;FAUX;29;177,5;79,28;VRAI;13,7;25,16326126
3,23;275;FAUX;24;170;63,42;VRAI;9,7;21,94463668
3,6;282;FAUX;38;165;113,25;FAUX;12,9;41,59779614
3,6;271;FAUX;29;170;67,04;FAUX;12,5;23,19723183
3,29;278;FAUX;29;152,5;57,98;FAUX;13,9;24,93093255
3,4;284;FAUX;20;165;59,8;FAUX;11,1;21,9651056
3,51;318;FAUX;21;160;68,86;FAUX;12,4;26,8984375
3,37;282;FAUX;22;170;61,16;VRAI;16,5;21,16262976
3,8;287;FAUX;24;150;47,11;VRAI;14,8;20,93777778
3,83;290;FAUX;22;150;54,81;FAUX;13,5;24,36
4,11;288;FAUX;21;167,5;50,28;FAUX;11,5;17,92114057
3,17;273;FAUX;43;155;62,51;FAUX;12,9;26,01873049
3,57;262;FAUX;36;165;86,07;FAUX;15,1;31,61432507
3,86;296;FAUX;30;157,5;55,72;FAUX;12,2;22,46208113
3,83;289;FAUX;22;157,5;56,62;FAUX;13,8;22,82489292
3,31;289;FAUX;22;162,5;72,48;VRAI;14,5;27,44804734
3,69;291;FAUX;29;172,5;55,72;FAUX;13,1;18,72547784
3,23;301;FAUX;26;167,5;47,57;VRAI;18,4;16,95522388
3,74;295;FAUX;23;162,5;55,72;VRAI;16,8;21,10106509
3,46;272;FAUX;22;155;49,38;FAUX;11,8;20,55359001
3,46;271;FAUX;25;170;53,45;VRAI;16,2;18,49480969
3,94;287;FAUX;24;162,5;52,09;FAUX;13,1;19,72639053
3,89;278;FAUX;23;152,5;47,57;FAUX;12,9;20,45471647
3,43;279;FAUX;30;165;59,34;FAUX;14,3;21,79614325
3,49;278;FAUX;31;180;70,22;VRAI;20,9;21,67283951
3,83;267;FAUX;30;165;77,01;FAUX;13,2;28,28650138
2,89;280;FAUX;25;162,5;55,72;VRAI;15,6;21,10106509
3,2;288;FAUX;32;155;56,62;FAUX;14,3;23,56711759
3,77;290;FAUX;25;160;54,36;FAUX;12,9;21,234375
3,89;285;FAUX;23;155;79,28;FAUX;10,9;32,99895942
3,23;277;FAUX;23;162,5;86,98;VRAI;17;32,9391716
2,74;271;FAUX;23;160;52,55;FAUX;14,5;20,52734375
3,54;277;FAUX;29;157,5;99,66;FAUX;11,8;40,17535903
3,23;306;FAUX;21;155;67,95;FAUX;11,6;28,2830385
3,91;258;FAUX;25;157,5;53;FAUX;10,1;21,36558327
3,8;268;FAUX;24;152,5;42,13;FAUX;12,9;18,11556033
3,06;244;FAUX;20;145;43,94;FAUX;14,4;20,89892985
2,74;265;FAUX;28;147,5;61,16;VRAI;16,1;28,11146222
4,06;278;FAUX;35;165;61,61;VRAI;18,1;22,62993572
3,89;275;FAUX;22;157,5;49,83;FAUX;13,2;20,08767952
2,14;239;FAUX;26;157,5;56,17;VRAI;16,5;22,64348702
2,97;295;FAUX;26;162,5;70,22;VRAI;12,7;26,59218935
3,71;274;FAUX;30;157,5;67,95;FAUX;12;27,39229025
2,57;290;FAUX;22;157,5;76,1;FAUX;14,6;30,67775258
3,37;276;FAUX;22;165;66,59;VRAI;17,6;24,45913682
3,51;320;FAUX;22;165;53;FAUX;14,1;19,46740129
3,91;291;FAUX;34;152,5;49,83;FAUX;14,2;21,42649825
2,89;268;FAUX;19;157,5;63,42;FAUX;12,1;25,56613757
4,06;275;FAUX;25;160;59,8;FAUX;11,7;23,359375
2,8;282;FAUX;20;157,5;43,94;VRAI;13;17,7132779
3,54;283;FAUX;23;157,5;50,74;FAUX;12,6;20,45452255
3,11;281;FAUX;23;152,5;47,57;FAUX;12,6;20,45471647
4,29;285;FAUX;22;152,5;49,83;VRAI;14,2;21,42649825
3,4;282;FAUX;26;170;67,95;VRAI;19,3;23,51211073
3,74;280;FAUX;38;162,5;56,62;FAUX;14,9;21,44189349
2,89;272;FAUX;29;157,5;67,95;VRAI;18,4;27,39229025
3,23;246;FAUX;19;155;62,51;VRAI;16,1;26,01873049
3,63;270;FAUX;25;155;67,95;FAUX;12,5;28,2830385
2,77;260;FAUX;23;152,5;44,85;VRAI;20,3;19,2851384
3,34;282;FAUX;28;160;52,09;FAUX;13,8;20,34765625
4,29;290;FAUX;21;162,5;56,62;FAUX;14,2;21,44189349
2,43;234;FAUX;33;167,5;58,89;FAUX;13,1;20,9899755
3,66;288;FAUX;27;175;65,69;FAUX;12,6;21,44979592
3;233;FAUX;34;152,5;58,89;FAUX;13,6;25,32222521
3,29;274;FAUX;22;162,5;58,89;VRAI;16,2;22,30153846
3,06;290;FAUX;28;155;61,16;FAUX;10,1;25,45681582
3,46;275;FAUX;24;157,5;54,81;VRAI;16,6;22,0952381
3,4;286;FAUX;20;160;81,54;FAUX;11,4;31,8515625
3,34;275;FAUX;20;160;65,69;VRAI;16,2;25,66015625
3,83;264;FAUX;26;170;61,61;FAUX;12,7;21,3183391
3,34;288;FAUX;35;162,5;64,33;FAUX;12,2;24,3616568
3,29;268;FAUX;28;165;57,98;FAUX;12,5;21,29660239
3,14;254;FAUX;23;157,5;54,36;VRAI;16,4;21,9138322
3,71;282;FAUX;21;155;48,02;VRAI;16,1;19,98751301
4;274;FAUX;23;157,5;48,02;VRAI;17,5;19,35802469
2,66;249;FAUX;33;165;53;FAUX;13,2;19,46740129
4,4;292;FAUX;42;162,5;52,55;VRAI;17,1;19,90059172
3,57;290;FAUX;19;160;57,53;FAUX;10,2;22,47265625
2,66;318;FAUX;31;165;61,16;FAUX;10,4;22,46464646
3,49;277;FAUX;33;157,5;61,16;VRAI;18,5;24,65507685
3,69;267;FAUX;22;157,5;72,48;FAUX;12,5;29,21844293
3,6;276;FAUX;23;157,5;54,36;FAUX;11,7;21,9138322
2,43;274;FAUX;24;170;70,22;FAUX;13,2;24,29757785
4,94;293;FAUX;30;157,5;49,83;FAUX;13,9;20,08767952
4,11;329;FAUX;22;162,5;86,07;VRAI;20,9;32,59455621
3,26;278;FAUX;25;162,5;63,42;VRAI;14,5;24,01704142
4,4;287;FAUX;27;162,5;56,62;VRAI;14,5;21,44189349
4,29;274;FAUX;25;167,5;53;VRAI;18,8;18,89062152
3,17;278;FAUX;21;155;56,62;FAUX;12;23,56711759
3,6;277;FAUX;32;165;57,98;FAUX;14,6;21,29660239
3,49;261;FAUX;28;162,5;56,17;FAUX;12,7;21,27147929
4,03;282;FAUX;24;170;76,56;FAUX;11;26,49134948
4,06;274;FAUX;24;157,5;56,62;FAUX;13,3;22,82489292
2,83;262;FAUX;38;147,5;49,83;VRAI;16,5;22,90376329
3,23;286;FAUX;23;157,5;47,57;FAUX;14,2;19,1766188
4,26;282;FAUX;21;152,5;49,83;FAUX;11,4;21,42649825
3,34;328;FAUX;29;162,5;56,62;VRAI;16,3;21,44189349
3,66;290;FAUX;22;160;53,45;FAUX;12,2;20,87890625
3,57;286;FAUX;21;160;62,97;FAUX;11,6;24,59765625
3,26;290;FAUX;30;165;72,48;FAUX;12,7;26,62258953
3,71;285;FAUX;23;157,5;57,98;VRAI;17,1;23,37314185
2,31;256;FAUX;30;160;67,04;VRAI;19,1;26,1875
3,54;287;FAUX;27;155;47,57;VRAI;19,9;19,80020812
3,57;292;FAUX;22;162,5;55,27;FAUX;12,1;20,93065089
3,14;262;FAUX;25;165;63,42;FAUX;11,2;23,29476584
3,57;279;FAUX;23;157,5;47,11;VRAI;16;18,99118166
3,94;294;FAUX;40;160;56,62;FAUX;14,4;22,1171875
4,06;284;FAUX;39;165;59,8;FAUX;12,2;21,9651056
3,29;278;FAUX;23;150;46,21;VRAI;16,5;20,53777778
2,91;280;FAUX;38;167,5;63,42;FAUX;12,8;22,604589
4;294;FAUX;25;152,5;46,66;FAUX;11,7;20,06342381
3,8;276;VRAI;22;157,5;53,91;FAUX;13,5;21,7324263
3,63;290;FAUX;35;165;74,75;FAUX;12,8;27,456382
2,97;274;VRAI;20;155;52,09;VRAI;16,3;21,68158169
3,4;275;FAUX;42;167,5;70,67;VRAI;23,7;25,18868345
4,34;301;FAUX;29;162,5;67,95;FAUX;12,5;25,73254438
3,51;284;VRAI;20;162,5;54,36;VRAI;15;20,5860355
4,09;273;FAUX;19;165;61,16;FAUX;11,7;22,46464646
3,74;308;FAUX;40;162,5;72,48;FAUX;12,9;27,44804734
4,03;319;VRAI;20;167,5;63,42;VRAI;16,1;22,604589
3,69;277;FAUX;30;165;64,33;VRAI;13,3;23,62901745
3,23;282;VRAI;36;147,5;63,42;FAUX;12,9;29,15024418
3,4;292;FAUX;33;155;53,45;VRAI;17,6;22,24765869
3,11;295;VRAI;23;157,5;46,66;VRAI;16,3;18,80977576
2,97;280;VRAI;27;170;66,14;VRAI;16,6;22,88581315
3,74;282;VRAI;21;165;57,08;FAUX;13,6;20,96602388
3,14;293;VRAI;28;160;61,16;VRAI;17;23,890625
4,23;279;FAUX;27;177,5;85,62;FAUX;11,9;27,1755604
3,91;283;VRAI;20;162,5;71,12;FAUX;11,4;26,93301775
3,34;283;FAUX;27;157,5;48,92;FAUX;13;19,72083648
3,29;302;VRAI;22;167,5;61,16;FAUX;12,4;21,79906438
2,8;280;FAUX;35;160;55,27;VRAI;17,4;21,58984375
3,89;303;VRAI;20;170;67,04;VRAI;12,7;23,19723183
3,46;276;VRAI;23;177,5;68,86;VRAI;14,8;21,85598096
3,77;285;VRAI;25;157,5;63,42;FAUX;12,3;25,56613757
2,6;264;FAUX;36;150;45,3;VRAI;16,4;20,13333333
3,4;294;FAUX;34;147,5;47,57;FAUX;13,3;21,86498133
2,43;273;FAUX;26;150;47,57;VRAI;16,6;21,14222222
3,03;271;VRAI;26;152,5;49,83;VRAI;19,1;21,42649825
3,77;284;FAUX;29;160;55,27;FAUX;11,8;21,58984375
2,29;266;VRAI;25;155;56,62;FAUX;11,4;23,56711759
3,11;286;FAUX;24;160;56,62;VRAI;15,7;22,1171875
3,17;306;FAUX;27;152,5;46,21;FAUX;11,6;19,86992744
4,09;292;VRAI;21;162,5;56,62;FAUX;11,2;21,44189349
3,89;290;FAUX;26;165;61,16;FAUX;12,6;22,46464646
3,14;285;VRAI;19;160;58,89;FAUX;9,8;23,00390625
2,8;257;FAUX;29;165;58,89;VRAI;18,9;21,63085399
3,09;305;VRAI;24;162,5;50,74;FAUX;13,1;19,21514793
2,89;295;FAUX;18;155;65,69;VRAI;14,8;27,34235172
2,03;281;FAUX;32;150;53;VRAI;14,1;23,55555556
3,54;292;FAUX;29;170;79,73;VRAI;14;27,58823529
3,03;276;FAUX;30;165;58,89;FAUX;12,7;21,63085399
2,89;278;FAUX;25;155;50,74;VRAI;14,6;21,11966701
2,86;277;FAUX;31;155;45,3;VRAI;19,2;18,855359
2,97;269;FAUX;35;157,5;49,83;VRAI;16;20,08767952
3,34;270;FAUX;24;167,5;61,16;VRAI;16,4;21,79906438
3,34;267;FAUX;29;162,5;54,36;VRAI;19;20,5860355
4,26;279;FAUX;25;167,5;61,16;FAUX;11,4;21,79906438
3,86;284;FAUX;25;165;55,72;FAUX;12,2;20,46648301
3,14;283;VRAI;21;165;58,44;FAUX;11,7;21,46556474
3,46;276;FAUX;31;167,5;58,89;FAUX;12;20,9899755
4,06;285;VRAI;24;165;61,61;FAUX;11,4;22,62993572
2,97;260;FAUX;33;160;65,69;FAUX;13,1;25,66015625
3,94;296;FAUX;34;165;54,36;FAUX;12,7;19,96694215
3,2;278;VRAI;21;157,5;54,36;FAUX;12,8;21,9138322
3,34;293;FAUX;39;150;54,36;VRAI;16,6;24,16
3,11;282;FAUX;25;155;48,02;VRAI;15,7;19,98751301
3,74;266;VRAI;28;167,5;61,16;FAUX;12,4;21,79906438
3,43;273;FAUX;29;160;58,89;VRAI;18,2;23,00390625
3,31;270;FAUX;29;157,5;59,8;FAUX;11,9;24,10682792
4;290;FAUX;23;162,5;49,83;FAUX;14,2;18,87053254
2,94;273;VRAI;22;160;49,83;VRAI;18,8;19,46484375
3,43;279;VRAI;23;167,5;61,16;FAUX;11,3;21,79906438
3,97;260;VRAI;32;160;57,53;FAUX;11,8;22,47265625
3,51;254;FAUX;26;155;58,89;VRAI;16,8;24,5119667
2,97;280;VRAI;23;160;48,47;VRAI;15,9;18,93359375
3,17;270;FAUX;22;147,5;46,66;FAUX;12,7;21,44671072
3,49;277;FAUX;32;157,5;71,12;VRAI;18,2;28,670194
3,31;271;VRAI;30;167,5;65,23;VRAI;13,9;23,24972154
3,69;277;FAUX;27;170;58,89;VRAI;14,5;20,37716263
3,8;292;FAUX;30;162,5;50,74;VRAI;14,6;19,21514793
3,14;277;FAUX;25;152,5;58,89;FAUX;10,9;25,32222521
3;276;FAUX;22;167,5;58,89;FAUX;11,1;20,9899755
2,66;246;FAUX;37;162,5;58,89;FAUX;13,9;22,30153846
3,49;281;FAUX;42;157,5;46,66;VRAI;21,7;18,80977576
3,8;293;FAUX;23;160;49,83;VRAI;16,1;19,46484375
3,71;296;VRAI;22;165;53;VRAI;16,3;19,46740129
2,97;307;FAUX;24;147,5;55,27;FAUX;12,9;25,4041942
3,03;278;FAUX;31;162,5;49,83;VRAI;17,5;18,87053254
3,43;281;FAUX;33;157,5;51,19;FAUX;12,7;20,63592845
3,37;276;VRAI;18;157,5;57,98;FAUX;13,7;23,37314185
4;290;VRAI;19;167,5;59,8;VRAI;14,5;21,3143239
3,26;268;FAUX;22;160;47,11;FAUX;13;18,40234375
3,31;280;FAUX;40;155;72,03;FAUX;15,2;29,98126951
3,69;284;FAUX;24;160;52,09;FAUX;11,5;20,34765625
3,43;286;FAUX;22;155;52,09;VRAI;15,3;21,68158169
3,63;281;FAUX;24;157,5;50,74;VRAI;13;20,45452255
2,03;234;FAUX;32;160;49,83;VRAI;18;19,46484375
2,51;274;FAUX;30;165;58,89;FAUX;12,4;21,63085399
3,49;286;FAUX;23;160;65,69;FAUX;13,5;25,66015625
3,03;302;VRAI;19;165;66,59;FAUX;11,1;24,45913682
3,86;285;FAUX;30;165;58,89;FAUX;13,1;21,63085399
3,06;290;FAUX;26;157,5;50,74;FAUX;13,3;20,45452255
3,69;294;FAUX;32;155;77,01;VRAI;17,4;32,0541103
3,6;274;FAUX;39;155;55,27;FAUX;14,2;23,00520291
3,31;293;VRAI;26;160;56,62;FAUX;12,5;22,1171875
3,54;294;FAUX;26;155;55,27;FAUX;14;23,00520291
3,51;281;FAUX;23;170;61,61;FAUX;14,1;21,3183391
4,14;315;FAUX;39;167,5;64,78;VRAI;18,7;23,08932947
2,91;278;FAUX;27;167,5;61,16;VRAI;20,3;21,79906438
3,69;293;FAUX;30;162,5;58,89;VRAI;16,8;22,30153846
2,8;276;VRAI;22;152,5;54,81;FAUX;10,7;23,5678581
3,14;272;FAUX;28;150;48,92;FAUX;13,5;21,74222222
3,86;282;FAUX;24;167,5;57,98;VRAI;15,4;20,66562709
2,89;278;VRAI;20;155;47,57;FAUX;15;19,80020812
2,74;266;FAUX;26;162,5;56,62;FAUX;12,2;21,44189349
2,97;276;VRAI;18;150;49,38;VRAI;15,6;21,94666667
2,86;249;FAUX;24;167,5;45,3;FAUX;11,6;16,146135
4,4;292;FAUX;40;165;65,69;FAUX;13,6;24,12855831
3,63;293;FAUX;31;167,5;62,06;FAUX;11;22,11984852
3,6;288;FAUX;31;155;67,95;FAUX;13,4;28,2830385
3,6;282;VRAI;23;165;52,09;VRAI;17,3;19,13314968
3,63;279;FAUX;26;167,5;70,22;VRAI;16,2;25,02829138
2,8;275;FAUX;25;162,5;50,74;VRAI;18;19,21514793
3,63;288;VRAI;21;165;58,89;FAUX;11,2;21,63085399
3,69;299;FAUX;22;170;65,69;FAUX;12;22,73010381
3,74;292;VRAI;22;160;56,17;VRAI;16,3;21,94140625
3,77;289;VRAI;19;165;65,69;FAUX;12;24,12855831
3,63;280;FAUX;27;155;53,45;FAUX;14,1;22,24765869
2,83;313;VRAI;34;147,5;45,3;VRAI;16,7;20,82160299
3,29;290;FAUX;30;160;63,42;VRAI;18,3;24,7734375
4,14;290;VRAI;24;167,5;56,62;FAUX;11,7;20,18088661
2,91;249;VRAI;23;167,5;60,7;VRAI;17,8;21,63510804
3,89;299;FAUX;29;160;52,09;FAUX;13,4;20,34765625
3,46;282;FAUX;22;165;60,25;FAUX;13,4;22,13039486
3,43;286;FAUX;25;155;47,57;FAUX;12,3;19,80020812
3,37;261;FAUX;26;150;47,11;FAUX;12,5;20,93777778
3,63;304;VRAI;26;155;47,57;FAUX;11,2;19,80020812
3,77;281;VRAI;24;157,5;53;FAUX;12,2;21,36558327
2,91;258;VRAI;22;162,5;61,16;FAUX;12,4;23,16118343
4,09;279;FAUX;39;162,5;58,44;VRAI;15,2;22,13112426
3,37;277;FAUX;25;155;54,36;FAUX;12,6;22,6264308
2,91;286;VRAI;22;160;63,42;FAUX;11;24,7734375
4,66;280;FAUX;35;172,5;62,97;FAUX;14,7;21,16194077
3,77;294;FAUX;32;160;52,55;FAUX;13,1;20,52734375
3,31;276;FAUX;33;152,5;81,54;FAUX;14,5;35,0615426
3,94;288;VRAI;19;165;56,17;FAUX;12,2;20,63177227
3,97;279;FAUX;20;160;64,78;FAUX;12,1;25,3046875
3,77;298;VRAI;23;152,5;62,06;FAUX;13;26,68529965
2,49;282;FAUX;27;157,5;47,11;VRAI;17;18,99118166
3,74;297;FAUX;30;167,5;59,8;FAUX;11,3;21,3143239
3,71;282;FAUX;26;167,5;66,59;VRAI;16,1;23,73446202
3,51;290;FAUX;28;165;48,47;VRAI;12,5;17,80348944
3,29;276;VRAI;18;157,5;49,83;FAUX;11,6;20,08767952
3,31;272;FAUX;27;160;58,89;VRAI;13,1;23,00390625
3,4;286;VRAI;20;167,5;58,89;FAUX;13,5;20,9899755
3,57;279;VRAI;19;167,5;61,16;FAUX;11,7;21,79906438
4,11;282;FAUX;33;165;70,22;VRAI;17,1;25,79247016
3,51;269;FAUX;26;167,5;59,8;FAUX;11,5;21,3143239
3,43;276;FAUX;23;165;51,64;FAUX;12,6;18,96786042
4;251;FAUX;28;157,5;95,13;FAUX;10,1;38,34920635
3,43;271;VRAI;17;160;64,33;VRAI;13,1;25,12890625
3,43;289;VRAI;31;147,5;46,21;FAUX;13,5;21,2398736
4,17;280;FAUX;23;152,5;65,69;FAUX;12,2;28,24617038
3,2;283;VRAI;21;155;46,21;VRAI;20,7;19,23413111
3,77;278;FAUX;20;160;67,95;VRAI;14,8;26,54296875
4,17;263;FAUX;39;132,5;49,83;VRAI;16,7;28,38305447
3,49;275;FAUX;30;170;63,42;FAUX;13,3;21,94463668
3,66;292;FAUX;32;165;58,89;FAUX;13,6;21,63085399
3,4;277;FAUX;24;157,5;54,36;VRAI;13,1;21,9138322
3,86;278;FAUX;27;165;67,04;FAUX;12,9;24,62442608
3,69;235;FAUX;24;165;61,16;FAUX;12,5;22,46464646
3,31;293;VRAI;28;155;48,92;FAUX;14,2;20,36212279
2,86;275;FAUX;27;160;50,28;VRAI;16,3;19,640625
3,94;257;FAUX;38;167,5;62,51;FAUX;13,2;22,28024059
3,51;282;FAUX;22;162,5;58,89;FAUX;13,4;22,30153846
3,23;288;VRAI;21;152,5;54,36;FAUX;12,2;23,37436173
3,69;280;VRAI;24;162,5;63,42;VRAI;18,7;24,01704142
3,49;280;FAUX;24;167,5;57,53;VRAI;15,3;20,50523502
3,77;281;VRAI;21;167,5;63,42;FAUX;13,1;22,604589
3,43;269;VRAI;40;157,5;58,89;FAUX;15,1;23,73998488
3,26;283;VRAI;20;162,5;52,09;FAUX;12;19,72639053
3,71;280;FAUX;29;165;61,16;FAUX;11,4;22,46464646
3,34;286;FAUX;32;165;57,53;VRAI;15,5;21,13131313
4,06;285;FAUX;33;157,5;56,17;FAUX;14,1;22,64348702
4,11;273;FAUX;27;155;53,45;VRAI;14,8;22,24765869
3,63;262;VRAI;32;160;56,62;FAUX;14,8;22,1171875
3,29;270;FAUX;25;167,5;74,75;VRAI;17,8;26,64290488
2,43;258;FAUX;41;167,5;62,06;FAUX;15,2;22,11984852
2,83;274;FAUX;28;165;53,45;VRAI;20,9;19,63269054
3,51;323;VRAI;17;160;63,42;FAUX;13,7;24,7734375
3,2;281;VRAI;23;152,5;67,95;FAUX;12,7;29,21795216
1,94;223;FAUX;32;165;67,5;VRAI;16,3;24,79338843
2,91;283;VRAI;19;162,5;57,53;VRAI;14,7;21,78650888
3,11;273;FAUX;37;162,5;62,51;VRAI;17,9;23,67242604
2,91;267;VRAI;25;150;42,13;VRAI;17,8;18,72444444
2,83;275;FAUX;23;152,5;56,62;VRAI;17,3;24,34614351
2,23;256;VRAI;29;162,5;55,72;FAUX;12,9;21,10106509
3,66;284;VRAI;19;165;50,28;VRAI;17,1;18,46831956
3,06;303;VRAI;25;167,5;60,25;FAUX;13,9;21,47471597
3,89;295;FAUX;23;160;66,59;FAUX;14,4;26,01171875
2,89;278;FAUX;27;152,5;44,85;VRAI;20,4;19,2851384
2,86;275;VRAI;25;160;56,62;FAUX;12,2;22,1171875
3,11;272;FAUX;41;165;69,76;VRAI;17,8;25,62350781
3,34;281;VRAI;21;175;63,87;VRAI;17,5;20,8555102
2,51;252;VRAI;21;150;52,09;VRAI;15,5;23,15111111
2,71;270;FAUX;35;162,5;61,16;VRAI;18,6;23,16118343
3,63;291;VRAI;24;165;61,16;VRAI;16,9;22,46464646
3,06;293;FAUX;20;162,5;70,22;VRAI;13,4;26,59218935
3,6;262;FAUX;37;165;61,16;VRAI;15,6;22,46464646
2,8;278;FAUX;27;157,5;49,83;VRAI;15,6;20,08767952
2,74;241;FAUX;23;160;58,89;VRAI;16,6;23,00390625
2,97;282;FAUX;24;157,5;65,23;FAUX;12,5;26,29579239
3,8;273;VRAI;33;157,5;61,16;FAUX;14,7;24,65507685
2,66;267;FAUX;25;157,5;61,16;VRAI;18,9;24,65507685
2,89;280;VRAI;24;162,5;55,72;VRAI;18,3;21,10106509
3,37;277;FAUX;21;160;70,22;FAUX;11,6;27,4296875
3,71;289;FAUX;21;152,5;58,89;VRAI;14,4;25,32222521
3,57;288;FAUX;22;157,5;57,98;VRAI;19,3;23,37314185
4;291;VRAI;19;162,5;55,27;FAUX;12,4;20,93065089
3,29;290;VRAI;19;162,5;53,45;FAUX;11,7;20,24142012
3,71;293;FAUX;26;157,5;55,72;FAUX;14,7;22,46208113
3,26;277;VRAI;31;160;56,62;FAUX;14,6;22,1171875
3;278;FAUX;21;160;54,36;FAUX;11,8;21,234375
2,89;289;VRAI;31;150;56,62;FAUX;12,9;25,16444444
3,77;286;FAUX;26;167,5;55,27;VRAI;17,7;19,6997104
3,2;252;FAUX;37;160;73,39;FAUX;14;28,66796875
1,97;232;FAUX;31;147,5;46,66;VRAI;19,7;21,44671072
3,26;264;FAUX;26;157,5;49,83;VRAI;13,9;20,08767952
3,51;267;FAUX;29;157,5;50,28;VRAI;18,1;20,26908541
3,69;284;VRAI;20;165;58,89;VRAI;17,7;21,63085399
3,26;283;VRAI;15;160;53;VRAI;15,4;20,703125
3,29;290;FAUX;31;155;43,04;FAUX;12,8;17,91467222
2,8;272;VRAI;35;160;58,44;FAUX;14,6;22,828125
3,66;283;FAUX;27;167,5;57,08;FAUX;12,9;20,34484295
3,4;271;FAUX;28;160;79,28;VRAI;15,8;30,96875
4,4;288;FAUX;25;162,5;66,59;FAUX;12;25,21751479
3,63;247;VRAI;21;157,5;63,42;FAUX;12,8;25,56613757
3,74;263;FAUX;29;160;81,54;VRAI;18,6;31,8515625
3,69;288;FAUX;28;147,5;46,21;FAUX;13,1;21,2398736
3,26;286;VRAI;22;160;52,55;VRAI;12,9;20,52734375
3,14;280;FAUX;29;155;49,83;VRAI;16,1;20,7408949
2,94;268;FAUX;31;160;67,95;VRAI;17,9;26,54296875
3,34;287;FAUX;20;162,5;52,09;VRAI;16,1;19,72639053
3,94;282;FAUX;25;160;54,36;FAUX;13,2;21,234375
3,6;280;FAUX;24;165;66,59;VRAI;17,3;24,45913682
3,54;271;FAUX;23;165;65,69;FAUX;13,4;24,12855831
3,17;284;FAUX;34;155;49,83;FAUX;15,9;20,7408949
3,77;282;FAUX;28;167,5;90,6;VRAI;15,6;32,29226999
2,94;240;FAUX;26;162,5;63,42;FAUX;12,1;24,01704142
4,51;285;FAUX;28;155;58,89;FAUX;10,8;24,5119667
2,89;286;VRAI;21;160;53;VRAI;11,6;20,703125
3,77;290;FAUX;26;165;56,62;FAUX;12,8;20,79706152
3,26;293;VRAI;20;165;81,54;VRAI;14,6;29,95041322
2,03;277;FAUX;40;172,5;61,16;FAUX;16,1;20,5536652
3,31;282;FAUX;19;160;54,36;FAUX;12,7;21,234375
3,09;271;FAUX;19;150;49,38;VRAI;19,6;21,94666667
3,51;298;FAUX;25;160;51,19;VRAI;18,7;19,99609375
3,69;289;FAUX;37;157,5;59,8;FAUX;12,7;24,10682792
3,83;282;FAUX;24;155;49,83;FAUX;11,3;20,7408949
3,23;298;FAUX;30;150;56,17;VRAI;18,4;24,96444444
3,51;277;VRAI;20;162,5;72,48;FAUX;11,5;27,44804734
4,2;277;FAUX;30;170;72,48;FAUX;12,2;25,07958478
3,46;270;VRAI;20;155;46,66;FAUX;11,3;19,421436
3,57;284;VRAI;19;167,5;58,89;FAUX;11,7;20,9899755
3,29;277;VRAI;25;165;57,98;FAUX;12,9;21,29660239
2,89;289;FAUX;27;147,5;43,49;FAUX;12,7;19,98965814
2,66;271;FAUX;30;162,5;57,53;VRAI;19,5;21,78650888
3,11;275;FAUX;33;165;54,36;FAUX;12,4;19,96694215
3,29;276;VRAI;23;150;48,02;FAUX;11;21,34222222
3,71;293;VRAI;23;162,5;55,27;VRAI;17,7;20,93065089
3,51;278;FAUX;21;152,5;40,32;FAUX;11,5;17,33727493
3,17;300;FAUX;20;160;48,92;VRAI;16,3;19,109375
2,77;279;VRAI;24;160;62,51;VRAI;18,6;24,41796875
3,49;292;VRAI;25;162,5;56,62;FAUX;12,8;21,44189349
3,54;300;FAUX;28;157,5;43,04;FAUX;14,1;17,35046611
3,69;276;FAUX;26;165;65,69;FAUX;13,5;24,12855831
3,54;290;FAUX;26;147,5;63,42;FAUX;14;29,15024418
3,06;280;FAUX;20;150;48,47;VRAI;16,9;21,54222222
4,06;273;VRAI;22;155;56,62;FAUX;11,5;23,56711759
3,69;287;VRAI;29;165;61,16;FAUX;11,8;22,46464646
4,97;281;FAUX;37;167,5;70,22;FAUX;13,5;25,02829138
3;264;FAUX;30;162,5;47,57;VRAI;20,2;18,01467456
2,94;291;VRAI;26;157,5;46,21;FAUX;12,9;18,62836987
3,54;285;VRAI;27;157,5;51,64;FAUX;13,3;20,81733434
3;265;FAUX;43;162,5;56,17;FAUX;13,6;21,27147929
3,8;275;FAUX;36;162,5;62,06;VRAI;18;23,50201183
4,6;302;VRAI;22;175;77,01;VRAI;14,2;25,14612245
3;260;FAUX;23;160;89,24;FAUX;11,6;34,859375
3,09;281;FAUX;41;165;77,46;FAUX;14,8;28,45179063
4,37;297;FAUX;27;165;65,69;FAUX;11,4;24,12855831
3,8;280;VRAI;25;152,5;58,89;FAUX;12;25,32222521
3,29;269;FAUX;41;157,5;74,75;VRAI;18,7;30,1335349
3,63;254;FAUX;27;167,5;66,14;VRAI;15,8;23,57406995
3,66;271;FAUX;41;162,5;61,16;VRAI;18,6;23,16118343
3,34;265;FAUX;40;170;60,7;VRAI;17,9;21,00346021
3,51;274;FAUX;23;165;61,16;FAUX;10;22,46464646
3,4;288;VRAI;22;160;59,8;VRAI;17,4;23,359375
4,03;284;VRAI;17;160;47,57;FAUX;13,4;18,58203125
2,6;260;FAUX;26;155;49,83;VRAI;14,8;20,7408949
3,31;291;FAUX;29;162,5;60,25;VRAI;15,9;22,81656805
3,31;255;FAUX;24;162,5;59,8;FAUX;12,3;22,64615385
3,46;273;FAUX;32;160;50,74;FAUX;11,2;19,8203125
3,17;274;FAUX;36;167,5;72,03;FAUX;13,9;25,67342393
2,91;257;FAUX;25;165;61,16;FAUX;13;22,46464646
3,37;283;FAUX;24;162,5;67,95;FAUX;12,7;25,73254438
3,6;294;VRAI;22;162,5;56,62;VRAI;17;21,44189349
2,8;286;FAUX;31;155;47,57;VRAI;15,7;19,80020812
3,74;288;VRAI;28;162,5;56,62;FAUX;13,7;21,44189349
3,29;278;FAUX;21;150;51,19;FAUX;12,3;22,75111111
2,94;281;VRAI;22;147,5;44,39;VRAI;14,7;20,40333238
4,2;301;FAUX;26;162,5;58,89;FAUX;13,3;22,30153846
3,51;308;VRAI;19;162,5;61,16;FAUX;13,5;23,16118343
3,57;283;FAUX;22;162,5;53,91;FAUX;11;20,4156213
3,34;270;FAUX;30;167,5;58,89;VRAI;15,1;20,9899755
2,83;268;FAUX;29;177,5;67,95;FAUX;13,6;21,56714938
3,29;283;FAUX;31;165;57,53;VRAI;16,2;21,13131313
3,31;265;FAUX;36;157,5;54,36;FAUX;12,3;21,9138322
3,37;297;FAUX;35;170;63,42;VRAI;17,4;21,94463668
4,86;303;VRAI;21;160;58,44;FAUX;11,2;22,828125
2,97;270;FAUX;25;152,5;49,83;FAUX;11,6;21,42649825
3,09;269;VRAI;20;155;51,64;FAUX;11,3;21,4942768
4,11;289;VRAI;17;172,5;58,89;VRAI;16,9;19,79080025
2,83;250;VRAI;26;165;52,09;FAUX;12,3;19,13314968
2,77;263;VRAI;25;157,5;48,47;FAUX;13,3;19,53943059
2,43;270;VRAI;19;157,5;53,45;VRAI;16,9;21,54698917
3,71;285;VRAI;24;165;57,08;VRAI;17,4;20,96602388
3,34;275;FAUX;22;155;52,09;VRAI;16,7;21,68158169
3,11;302;FAUX;24;160;49,83;FAUX;13,4;19,46484375
4,2;285;FAUX;24;160;62,06;FAUX;13,6;24,2421875
3;281;VRAI;23;160;52,09;FAUX;13,4;20,34765625
3,86;278;VRAI;27;170;62,97;VRAI;16,9;21,78892734
3,29;273;VRAI;23;167,5;97,39;VRAI;13,2;34,71240811
3,51;280;FAUX;23;162,5;63,42;VRAI;12,8;24,01704142
3;274;VRAI;26;152,5;45,3;FAUX;13,3;19,47863478
4,4;271;FAUX;36;172,5;72,48;VRAI;16,3;24,357908
3,14;276;FAUX;25;157,5;48,47;VRAI;17,3;19,53943059
3,4;285;VRAI;26;155;48,92;FAUX;12,2;20,36212279
2,94;292;VRAI;28;155;59,8;FAUX;12,8;24,89073881
3,34;272;FAUX;25;160;52,55;FAUX;14,6;20,52734375
3,43;289;FAUX;23;172,5;74,75;FAUX;11,7;25,12077295
4,14;278;FAUX;24;155;49,38;FAUX;12;20,55359001
2,97;271;FAUX;20;155;44,39;VRAI;17,6;18,47658689
3,51;268;VRAI;18;155;49,83;VRAI;13,8;20,7408949
3,54;272;FAUX;27;155;49,83;FAUX;12,6;20,7408949
3,69;275;FAUX;26;160;52,09;VRAI;16,5;20,34765625
2,6;248;FAUX;33;157,5;91,51;FAUX;13,5;36,8898967
3,11;295;FAUX;32;152,5;61,16;FAUX;13,2;26,29830691
3,09;268;FAUX;22;145;50,74;VRAI;14,3;24,13317479
2,26;268;FAUX;36;152,5;48,92;FAUX;14;21,03520559
3,8;301;FAUX;23;155;48,92;FAUX;11,4;20,36212279
3,26;309;VRAI;27;155;53,45;FAUX;12,4;22,24765869
3,66;273;FAUX;34;152,5;56,62;FAUX;13,3;24,34614351
3,69;280;VRAI;24;162,5;57,08;FAUX;12,6;21,61609467
2,77;234;VRAI;26;162,5;50,74;FAUX;11,7;19,21514793
2,94;276;VRAI;21;155;58,89;VRAI;14,9;24,5119667
5,03;293;VRAI;19;170;81,54;FAUX;12,5;28,21453287
4,09;294;FAUX;44;162,5;65,69;FAUX;15,2;24,87668639
3,63;292;VRAI;21;170;58,89;VRAI;17,9;20,37716263
3,06;256;FAUX;28;147,5;40,77;VRAI;15,1;18,73944269
3,23;268;FAUX;31;155;45,3;FAUX;13;18,855359
3,03;279;VRAI;21;155;53,45;VRAI;13,6;22,24765869
4,34;285;FAUX;24;152,5;54,36;VRAI;16,6;23,37436173
4,29;275;FAUX;29;162,5;65,69;FAUX;12,9;24,87668639
3,89;278;FAUX;35;160;53,45;VRAI;18,2;20,87890625
3,54;279;FAUX;35;165;58,44;FAUX;14;21,46556474
3,51;284;VRAI;18;160;50,74;VRAI;19,3;19,8203125
3,4;288;FAUX;37;155;57,98;FAUX;15,8;24,13319459
3,49;291;FAUX;40;160;70,22;FAUX;14,3;27,4296875
3,2;250;FAUX;34;167,5;56,17;FAUX;12,6;20,02049454
2,66;270;FAUX;25;160;56,62;VRAI;14,1;22,1171875
3,89;274;VRAI;20;157,5;74,75;FAUX;12,1;30,1335349
4,29;292;FAUX;26;160;56,17;FAUX;11,7;21,94140625
2,69;264;VRAI;26;160;61,16;FAUX;12,8;23,890625
4,17;306;FAUX;38;157,5;50,74;FAUX;13,6;20,45452255
3,69;274;FAUX;19;162,5;45,75;VRAI;15,8;17,32544379
3,57;292;FAUX;27;162,5;53;VRAI;17,6;20,07100592
3,54;273;FAUX;21;157,5;52,09;FAUX;12,7;20,99874024
4,03;282;FAUX;27;157,5;52,09;FAUX;12,4;20,99874024
2,74;266;FAUX;33;167,5;61,16;VRAI;14,9;21,79906438
3,94;297;FAUX;30;165;60,25;VRAI;18,6;22,13039486
3,63;282;FAUX;28;167,5;60,7;FAUX;14,3;21,63510804
3,26;251;FAUX;26;160;53,91;VRAI;13,3;21,05859375
2,94;297;FAUX;31;160;56,62;FAUX;12,4;22,1171875
3,63;288;VRAI;20;162,5;52,09;VRAI;17,4;19,72639053
3,23;274;FAUX;23;157,5;48,92;VRAI;18,3;19,72083648
2,83;249;VRAI;31;142,5;44,39;VRAI;17,8;21,8602647
2,77;279;FAUX;33;152,5;47,57;VRAI;15,8;20,45471647
3,31;275;VRAI;20;170;65,69;FAUX;12,9;22,73010381
3,6;297;FAUX;26;165;54,36;VRAI;13,4;19,96694215
3,4;277;FAUX;28;165;58,89;VRAI;15,2;21,63085399
3,51;283;FAUX;27;155;49,83;FAUX;12,7;20,7408949
3,69;287;FAUX;24;150;48,47;FAUX;12;21,54222222
3,34;256;FAUX;37;162,5;59,8;VRAI;15;22,64615385
2,86;275;FAUX;26;150;52,09;FAUX;12,3;23,15111111
3,74;274;FAUX;28;160;53,45;VRAI;19,2;20,87890625
4,17;279;FAUX;27;160;56,17;FAUX;13,5;21,94140625
2,4;267;FAUX;29;150;43,04;FAUX;12,5;19,12888889
3,29;302;FAUX;28;160;52,55;FAUX;10,8;20,52734375
3,29;281;FAUX;25;150;42,58;FAUX;11,7;18,92444444
3,37;284;FAUX;28;175;65,69;VRAI;15,9;21,44979592
2,6;292;VRAI;19;152,5;56,62;FAUX;11,8;24,34614351
3,2;255;FAUX;39;150;52,09;FAUX;13,9;23,15111111
3,29;316;VRAI;29;160;49,83;FAUX;12,4;19,46484375
3,14;269;FAUX;38;152,5;46,21;FAUX;12,9;19,86992744
3,34;277;FAUX;34;165;63,42;FAUX;15;23,29476584
3,11;268;VRAI;29;162,5;54,36;VRAI;16,2;20,5860355
2,83;267;FAUX;22;155;42,58;FAUX;11,3;17,72320499
3,74;274;FAUX;27;155;72,48;VRAI;14,8;30,1685744
3,89;291;VRAI;25;152,5;47,57;FAUX;11,6;20,45471647
3,71;298;FAUX;20;155;54,36;FAUX;13,4;22,6264308
3,83;296;FAUX;35;150;53;VRAI;14,3;23,55555556
3,66;271;FAUX;29;162,5;57,08;VRAI;17,1;21,61609467
4,29;286;FAUX;38;167,5;79,28;FAUX;13,2;28,25751838
2,46;284;FAUX;39;162,5;78,82;VRAI;20,2;29,84899408
3,29;278;FAUX;26;157,5;50,74;VRAI;20,9;20,45452255
2,23;237;VRAI;23;157,5;65,23;FAUX;12,4;26,29579239
2,86;295;VRAI;21;170;56,62;VRAI;16,2;19,5916955
3,31;270;FAUX;25;170;76,56;FAUX;12,2;26,49134948
3,14;271;VRAI;26;165;61,16;FAUX;13,4;22,46464646
3,11;283;FAUX;34;160;54,36;FAUX;13,9;21,234375
3,23;259;FAUX;38;160;57,98;FAUX;15,1;22,6484375
3,89;297;VRAI;23;165;61,16;FAUX;12,6;22,46464646
3,46;273;VRAI;34;152,5;56,62;FAUX;13,5;24,34614351
3,34;288;VRAI;28;157,5;63,42;FAUX;13,7;25,56613757
4,74;299;FAUX;26;170;63,42;FAUX;11,3;21,94463668
2,49;229;FAUX;27;155;62,51;FAUX;9,6;26,01873049
3,43;294;VRAI;23;165;57,98;VRAI;19;21,29660239
2,71;286;FAUX;26;165;53,45;VRAI;14,7;19,63269054
3,77;273;FAUX;28;155;51,19;FAUX;12,7;21,3069719
2,57;286;FAUX;32;157,5;47,57;VRAI;17,4;19,1766188
3,74;308;FAUX;30;145;67,95;VRAI;15,4;32,31866825
2,94;279;VRAI;22;162,5;65,69;VRAI;17,4;24,87668639
4,11;287;VRAI;33;177,5;69,31;VRAI;18,3;21,99880976
3,91;299;FAUX;24;155;52,09;FAUX;12,9;21,68158169
3,54;270;FAUX;20;160;55,27;FAUX;12,7;21,58984375
3,89;281;VRAI;27;160;57,53;FAUX;14,8;22,47265625
3,34;298;VRAI;22;160;72,48;FAUX;12,2;28,3125
3,46;269;FAUX;23;155;58,89;FAUX;13,8;24,5119667
3,31;280;FAUX;34;170;89,69;FAUX;14,3;31,03460208
3,97;275;FAUX;33;155;53,45;FAUX;13,9;22,24765869
3,14;280;FAUX;39;167,5;56,62;FAUX;12;20,18088661
2,46;242;FAUX;20;160;49,83;VRAI;12,9;19,46484375
3,8;287;FAUX;20;162,5;74,75;FAUX;10,3;28,30769231
2,31;254;FAUX;23;155;71,12;FAUX;11,7;29,6024974
3,8;281;FAUX;33;157,5;54,36;FAUX;12,1;21,9138322
3,77;284;VRAI;20;165;63,42;FAUX;11,2;23,29476584
3,77;287;FAUX;29;160;67,04;FAUX;12,1;26,1875
3,91;274;FAUX;27;160;57,08;FAUX;13,6;22,296875
2,4;279;FAUX;34;157,5;86,07;FAUX;14,2;34,69690098
3,89;279;FAUX;30;172,5;58,89;VRAI;18,8;19,79080025
2,63;270;FAUX;34;155;45,3;VRAI;15,8;18,855359
3,26;298;VRAI;28;167,5;51,64;FAUX;14,4;18,40588104
3,69;274;FAUX;33;172,5;61,61;VRAI;14,9;20,70489393
4,77;288;VRAI;19;157,5;53;FAUX;11,6;21,36558327
3,54;282;VRAI;22;162,5;53,45;FAUX;11,5;20,24142012
3;269;FAUX;27;155;45,3;VRAI;18,6;18,855359
4,43;283;VRAI;19;175;62,06;FAUX;11,2;20,2644898
3,57;279;VRAI;21;165;57,08;FAUX;12,9;20,96602388
3,57;266;FAUX;21;155;54,36;VRAI;17,2;22,6264308
3,57;283;VRAI;22;147,5;43,49;FAUX;11,9;19,98965814
3,29;315;VRAI;22;155;49,83;FAUX;11,9;20,7408949
4,97;288;FAUX;25;152,5;82,45;FAUX;10,9;35,45283526
3,63;290;FAUX;35;165;55,27;FAUX;12,4;20,30119376
3,23;262;FAUX;24;150;47,57;FAUX;13,8;21,14222222
3,29;273;FAUX;22;165;58,89;VRAI;14,8;21,63085399
3,97;277;FAUX;35;157,5;63,42;FAUX;11,5;25,56613757
3,63;275;FAUX;26;155;56,62;FAUX;11,6;23,56711759
3,2;272;FAUX;26;150;44,39;FAUX;11,7;19,72888889
4,09;285;FAUX;30;160;61,16;VRAI;16;23,890625
3,31;286;VRAI;22;145;47,57;VRAI;17,1;22,6254459
4,43;279;FAUX;33;152,5;56,62;FAUX;12,8;24,34614351
3,46;290;FAUX;31;160;57,53;FAUX;15,6;22,47265625
3,14;282;VRAI;21;165;56,62;VRAI;17,7;20,79706152
2,49;277;FAUX;31;155;54,36;VRAI;17,6;22,6264308
3,77;330;FAUX;34;160;58,89;VRAI;19,1;23,00390625
3,69;277;FAUX;24;170;64,33;FAUX;10,3;22,25951557
3,51;280;FAUX;20;155;47,57;VRAI;15,8;19,80020812
2,6;279;VRAI;27;155;53,45;FAUX;14,5;22,24765869
4,2;286;FAUX;30;170;66,59;FAUX;14,1;23,04152249
4,11;289;FAUX;20;155;48,02;FAUX;12,7;19,98751301
3,66;292;FAUX;30;160;57,53;FAUX;11,8;22,47265625
3,91;318;VRAI;19;160;49,83;FAUX;11,9;19,46484375
2,97;289;FAUX;24;150;47,11;VRAI;17,4;20,93777778
3,43;271;FAUX;32;157,5;58,89;FAUX;14;23,73998488
3,2;277;VRAI;23;160;53,45;FAUX;12,2;20,87890625
3,94;286;FAUX;26;157,5;50,28;FAUX;12,2;20,26908541
2,74;280;FAUX;27;157,5;47,57;VRAI;18;19,1766188
3,83;285;FAUX;35;155;60,7;FAUX;14,5;25,2653486
3,6;285;FAUX;24;160;63,42;FAUX;13,6;24,7734375
3,2;300;FAUX;29;155;54,81;FAUX;13,2;22,81373569
3,94;313;VRAI;27;162,5;50,28;FAUX;13,6;19,04094675
3,14;275;FAUX;25;157,5;54,36;FAUX;12,8;21,9138322
2,37;253;FAUX;29;157,5;49,83;VRAI;19,1;20,08767952
3,2;288;VRAI;20;155;49,83;FAUX;13,2;20,7408949
4,23;286;FAUX;38;170;72,48;FAUX;13,7;25,07958478
3,4;300;VRAI;34;157,5;56,17;FAUX;13,8;22,64348702
2,46;246;FAUX;25;160;51,19;VRAI;16,6;19,99609375
3,14;269;FAUX;38;157,5;65,69;VRAI;18,9;26,48122953
3,6;282;FAUX;23;152,5;54,36;FAUX;13,6;23,37436173
3,57;272;FAUX;30;150;43,49;FAUX;11,1;19,32888889
3,89;252;FAUX;27;157,5;58,89;FAUX;11,9;23,73998488
3,63;283;VRAI;29;160;53,91;FAUX;14,6;21,05859375
2,4;272;FAUX;25;160;67,95;VRAI;15,7;26,54296875
3,74;278;FAUX;22;165;56,17;FAUX;11,8;20,63177227
3,51;286;VRAI;21;167,5;58,89;VRAI;18,8;20,9899755
2,74;282;VRAI;30;170;57,53;VRAI;19,9;19,90657439
3,14;286;FAUX;26;155;45,3;FAUX;12,5;18,855359
3,51;282;FAUX;29;170;74,29;FAUX;13,2;25,70588235
4,34;286;VRAI;19;167,5;61,16;FAUX;13,1;21,79906438
3,63;288;FAUX;28;162,5;70,22;FAUX;12;26,59218935
3,34;269;VRAI;21;160;67,5;VRAI;17,2;26,3671875
3,57;277;FAUX;29;165;62,97;VRAI;17,3;23,12947658
3,97;273;FAUX;29;170;58,89;FAUX;13,8;20,37716263
3,26;280;FAUX;31;165;60,7;VRAI;18,3;22,29568411
2,74;280;VRAI;34;155;57,53;VRAI;17,9;23,9458897
3,54;289;FAUX;29;157,5;49,83;FAUX;13,7;20,08767952
3,06;272;FAUX;30;160;63,42;VRAI;17,3;24,7734375
3,23;277;FAUX;38;160;48,92;FAUX;14,3;19,109375
2,8;292;VRAI;20;162,5;56,17;VRAI;18,9;21,27147929
3,4;285;VRAI;28;162,5;57,53;FAUX;13,6;21,78650888
3,06;268;FAUX;37;145;50,74;VRAI;17,9;24,13317479
3,34;255;FAUX;26;152,5;54,36;FAUX;12;23,37436173
3,34;305;FAUX;24;160;70,22;FAUX;13,5;27,4296875
4,11;276;FAUX;23;167,5;58,44;VRAI;19,7;20,82958343
3,89;268;FAUX;30;157,5;59,8;VRAI;16,5;24,10682792
3,46;278;FAUX;28;172,5;59,8;FAUX;14;20,09661836
4,71;282;FAUX;29;165;65,69;FAUX;15,4;24,12855831
3,43;279;FAUX;38;160;56,17;FAUX;13,9;21,94140625
3,57;280;FAUX;30;162,5;58,89;VRAI;16,4;22,30153846
3,91;285;FAUX;29;162,5;49,83;FAUX;11,1;18,87053254
2,86;288;VRAI;28;152,5;48,92;VRAI;15,1;21,03520559
3,83;284;FAUX;28;155;50,74;FAUX;13,3;21,11966701
2,51;262;FAUX;20;162,5;53,45;VRAI;15,7;20,24142012
3,09;291;FAUX;39;162,5;61,16;FAUX;13,8;23,16118343
3,51;271;FAUX;41;160;73,39;FAUX;16,1;28,66796875
4,03;277;FAUX;38;165;73,39;FAUX;15,1;26,95684114
3,71;270;VRAI;19;165;58,89;FAUX;11,8;21,63085399
3,97;299;VRAI;20;167,5;50,74;FAUX;12,4;18,0850969
3,71;283;FAUX;32;162,5;53,45;FAUX;12,8;20,24142012
3,23;289;VRAI;26;147,5;41,22;FAUX;11,9;18,9462798
2,2;238;VRAI;23;157,5;46,66;VRAI;18;18,80977576
1,77;228;FAUX;24;152,5;48,47;FAUX;12,8;20,84170922
2,66;245;FAUX;33;152,5;45,3;VRAI;17,1;19,47863478
3,11;275;VRAI;37;157,5;50,74;VRAI;15,1;20,45452255
4,14;283;FAUX;27;162,5;56,62;VRAI;13,7;21,44189349
2,63;224;FAUX;19;157,5;60,7;VRAI;15,2;24,46963971
3,43;281;FAUX;26;152,5;52,09;FAUX;12,1;22,39828003
3,86;284;FAUX;39;167,5;63,87;FAUX;13,3;22,76498106
3,23;287;FAUX;36;157,5;53,45;FAUX;12,6;21,54698917
3,6;251;VRAI;28;160;55,72;FAUX;12,4;21,765625
4,09;270;VRAI;27;175;67,04;FAUX;13,9;21,89061224
3,66;282;VRAI;25;160;56,62;FAUX;12;22,1171875
2,8;262;FAUX;22;167,5;54,36;FAUX;12,1;19,375362
3,14;306;VRAI;32;152,5;55,27;FAUX;10,3;23,76565439
4,63;284;FAUX;27;160;57,08;FAUX;13,9;22,296875
3,31;292;VRAI;20;162,5;53,45;FAUX;13,6;20,24142012
3,66;284;FAUX;23;155;49,83;FAUX;11,5;20,7408949
3,17;275;VRAI;18;152,5;48,92;VRAI;11,7;21,03520559
3,91;280;FAUX;34;150;48,47;FAUX;13,4;21,54222222
2,86;264;FAUX;29;160;54,36;VRAI;20,9;21,234375
4,57;271;FAUX;32;167,5;97,39;FAUX;13,3;34,71240811
3,2;267;VRAI;22;155;62,51;FAUX;13,3;26,01873049
3,83;297;FAUX;27;167,5;77,01;VRAI;16,9;27,44842949
4,14;308;FAUX;35;160;49,83;VRAI;18,8;19,46484375
3,31;295;FAUX;32;162,5;54,36;FAUX;11,8;20,5860355
3,6;278;FAUX;26;160;67,95;VRAI;16,3;26,54296875
3,17;285;FAUX;29;162,5;58,89;FAUX;12,4;22,30153846
3,6;282;FAUX;33;155;53;FAUX;14,2;22,0603538
3,11;291;FAUX;39;160;48,47;FAUX;14,5;18,93359375
3,89;291;FAUX;41;165;86,52;FAUX;14,1;31,77961433
3,4;286;FAUX;22;157,5;83,81;VRAI;16,6;33,78584026
2,94;267;VRAI;21;165;67,95;VRAI;18,6;24,95867769
3,54;284;VRAI;17;155;50,74;FAUX;10,8;21,11966701
4,43;286;FAUX;31;165;57,53;FAUX;14,7;21,13131313
3,49;282;VRAI;21;165;49,83;FAUX;12,5;18,3030303
3,23;285;FAUX;26;165;63,42;FAUX;13;23,29476584
3,49;273;FAUX;26;165;95,13;FAUX;13,4;34,94214876
3,6;293;VRAI;27;155;50,28;FAUX;13,1;20,92819979
3,31;277;FAUX;41;160;56,17;VRAI;22,8;21,94140625
2,91;294;FAUX;21;162,5;58,89;VRAI;16,5;22,30153846
3,14;181;FAUX;27;160;60,25;FAUX;13,4;23,53515625
3,8;285;VRAI;30;160;72,48;FAUX;13,1;28,3125
3,57;283;FAUX;29;162,5;56,62;FAUX;13,5;21,44189349
4,69;286;VRAI;32;165;64,78;FAUX;12,1;23,7943067
3,8;297;FAUX;36;152,5;56,62;FAUX;13,3;24,34614351
3,54;293;VRAI;19;162,5;67,95;FAUX;12,6;25,73254438
3,49;306;VRAI;22;155;45,3;FAUX;13,4;18,855359
3,46;271;VRAI;34;157,5;58,44;VRAI;20,4;23,55857899
2,86;272;FAUX;30;160;67,95;VRAI;17,1;26,54296875
2,57;266;VRAI;26;167,5;61,16;FAUX;12,1;21,79906438
3,66;272;VRAI;18;167,5;49,38;FAUX;11,1;17,60035643
2,46;276;VRAI;23;162,5;56,62;VRAI;13,7;21,44189349
3,51;282;FAUX;30;157,5;53,45;FAUX;11,8;21,54698917
2,49;275;FAUX;28;157,5;49,83;VRAI;12,7;20,08767952
3,66;291;VRAI;27;157,5;59,8;FAUX;14,2;24,10682792
3,43;288;FAUX;28;157,5;56,62;FAUX;12;22,82489292
3,57;301;VRAI;35;170;81,99;FAUX;12,9;28,37024221
3,37;265;FAUX;27;152,5;55,72;FAUX;14,2;23,95915077
3,31;284;VRAI;24;165;53;FAUX;12,1;19,46740129
3,74;262;FAUX;22;167,5;61,16;FAUX;13,5;21,79906438
4,31;286;VRAI;22;165;58,89;FAUX;14;21,63085399
2,51;273;FAUX;20;165;49,83;VRAI;15,4;18,3030303
3,91;284;FAUX;30;167,5;49,83;FAUX;12,7;17,7607485
3,63;289;FAUX;23;167,5;63,42;FAUX;13,1;22,604589
2,74;278;VRAI;18;150;54,36;VRAI;18;24,16
3,69;281;FAUX;31;167,5;70,22;FAUX;13,4;25,02829138
3,66;288;VRAI;26;162,5;51,64;FAUX;12,2;19,55597633
2,43;255;FAUX;24;170;72,03;FAUX;11,3;24,92387543
3,17;281;VRAI;27;160;50,74;FAUX;12,4;19,8203125
3,54;275;FAUX;28;152,5;52,55;FAUX;13,1;22,59607632
3,2;292;VRAI;28;155;49,83;VRAI;18,1;20,7408949
3,29;281;FAUX;28;152,5;57,98;VRAI;17,2;24,93093255
2,06;271;FAUX;39;152,5;61,61;FAUX;12,8;26,49180328
3,49;281;VRAI;24;162,5;62,06;VRAI;17,3;23,50201183
3,31;291;FAUX;26;165;69,31;FAUX;13,3;25,45821855
3,63;272;FAUX;20;160;58,89;VRAI;16,7;23,00390625
2,57;266;FAUX;23;152,5;44,85;VRAI;20;19,2851384
2,83;273;VRAI;27;147,5;52,09;FAUX;14,3;23,94254525
4,11;307;VRAI;26;165;56,62;FAUX;13,8;20,79706152
3,94;280;VRAI;30;162,5;79,28;FAUX;11,4;30,02319527
1,66;245;FAUX;34;160;70,67;VRAI;16,8;27,60546875
3,11;265;VRAI;24;157,5;48,47;VRAI;19,5;19,53943059
3,14;277;VRAI;19;155;72,48;FAUX;12,2;30,1685744
3,69;278;FAUX;27;157,5;57,98;FAUX;12,7;23,37314185
4,29;284;FAUX;40;167,5;58,89;FAUX;13,8;20,9899755
3,66;279;FAUX;27;165;61,16;FAUX;12,2;22,46464646
4,06;284;VRAI;31;165;62,06;VRAI;18,7;22,79522498
3,29;268;VRAI;31;160;56,62;FAUX;12;22,1171875
3,09;283;FAUX;35;155;48,92;FAUX;12,7;20,36212279
3,97;281;FAUX;27;157,5;62,06;FAUX;13,2;25,01788864
3,29;275;FAUX;25;152,5;70,22;VRAI;21,1;30,19403386
3,89;288;FAUX;23;155;98,3;FAUX;11,4;40,9157128
4,66;289;VRAI;25;160;57,08;VRAI;16,8;22,296875
3,74;285;FAUX;26;160;58,89;FAUX;12,2;23,00390625
2,2;238;FAUX;38;167,5;61,16;VRAI;15,3;21,79906438
3,54;283;VRAI;33;167,5;70,67;VRAI;18,7;25,18868345
2,97;270;VRAI;26;155;52,09;FAUX;12,8;21,68158169
2,91;267;VRAI;24;152,5;49,38;VRAI;19,3;21,23300188
2,69;268;FAUX;30;155;47,57;VRAI;16,4;19,80020812
4,51;295;VRAI;37;175;62,06;FAUX;12,7;20,2644898
3,2;275;VRAI;21;170;64,78;VRAI;17;22,41522491
3,4;286;FAUX;26;160;55,72;VRAI;13,7;21,765625
2,77;279;FAUX;29;170;80,63;VRAI;17;27,89965398
2,83;252;FAUX;21;160;54,36;FAUX;12,5;21,234375
3,29;264;VRAI;23;167,5;60,7;VRAI;16,2;21,63510804
3,97;284;FAUX;37;152,5;54,81;FAUX;13,3;23,5678581
4,11;304;VRAI;27;145;46,21;VRAI;14,7;21,97859691
2,83;270;FAUX;22;157,5;52,09;VRAI;19,4;20,99874024
3;280;VRAI;22;157,5;52,55;FAUX;12,1;21,18417737
2,54;275;FAUX;34;165;77,01;FAUX;12,8;28,28650138
3,69;270;FAUX;43;167,5;72,48;FAUX;14,3;25,83381599
3,4;270;VRAI;20;160;49,38;FAUX;10,7;19,2890625
3,26;291;FAUX;35;150;50,74;FAUX;14,8;22,55111111
3,03;289;FAUX;28;167,5;54,36;VRAI;18,9;19,375362
3,49;292;VRAI;34;162,5;60,25;FAUX;13,3;22,81656805
3,89;261;FAUX;24;162,5;49,83;FAUX;12,7;18,87053254
3,46;286;VRAI;22;172,5;58,89;VRAI;17,8;19,79080025
3,2;282;FAUX;26;162,5;55,27;FAUX;12,5;20,93065089
3,2;266;FAUX;26;160;55,27;FAUX;12,9;21,58984375
3,51;314;FAUX;22;152,5;54,81;VRAI;14,9;23,5678581
3,97;286;FAUX;33;162,5;56,62;VRAI;14,8;21,44189349
3,57;290;FAUX;36;147,5;47,57;FAUX;12,6;21,86498133
3;295;VRAI;20;160;50,74;VRAI;16,4;19,8203125
3,71;276;FAUX;41;170;58,89;FAUX;15,3;20,37716263
4,17;294;FAUX;22;165;65,69;VRAI;15,2;24,12855831
3,8;290;FAUX;21;160;65,69;FAUX;13,2;25,66015625
4,2;296;VRAI;19;167,5;56,17;FAUX;13,3;20,02049454
3,11;269;FAUX;23;157,5;51,19;FAUX;12,8;20,63592845
3,49;286;FAUX;23;160;54,36;VRAI;14,9;21,234375
3,86;260;FAUX;43;162,5;61,16;FAUX;15,6;23,16118343
3,34;272;FAUX;32;165;53,45;FAUX;14,1;19,63269054
3,94;284;FAUX;30;165;60,25;VRAI;12,3;22,13039486
3,43;283;FAUX;28;160;55,27;VRAI;15,2;21,58984375
3,4;273;FAUX;35;162,5;56,62;VRAI;19;21,44189349
3,37;278;VRAI;19;155;57,08;FAUX;11,1;23,75858481
3;330;FAUX;23;160;50,74;VRAI;18,5;19,8203125
3,23;306;VRAI;21;162,5;62,06;FAUX;12,5;23,50201183
4,23;291;VRAI;21;157,5;52,09;FAUX;11,5;20,99874024
4;281;VRAI;22;172,5;61,16;FAUX;10,3;20,5536652
3,83;287;VRAI;33;167,5;59,34;FAUX;13,3;21,15036757
3,43;280;FAUX;31;152,5;50,28;FAUX;13,5;21,61999463
3,51;296;VRAI;26;160;49,83;VRAI;13,3;19,46484375
2,91;275;FAUX;43;160;72,48;FAUX;14,4;28,3125
1,57;204;FAUX;35;162,5;63,42;FAUX;14,5;24,01704142
2,94;276;VRAI;19;157,5;67,5;VRAI;17;27,21088435
3,51;283;FAUX;21;162,5;49,83;FAUX;13,3;18,87053254
3;270;VRAI;27;162,5;60,7;VRAI;15,6;22,98698225
3,94;289;FAUX;33;162,5;70,22;FAUX;13,1;26,59218935
3,66;281;FAUX;28;157,5;67,95;FAUX;12,2;27,39229025
3,97;285;FAUX;30;162,5;58,44;VRAI;20;22,13112426
2,97;288;VRAI;27;152,5;55,27;VRAI;13,4;23,76565439
4,54;296;VRAI;27;160;50,74;FAUX;12,3;19,8203125
3,37;276;FAUX;29;155;58,89;VRAI;16,4;24,5119667
2,83;285;FAUX;25;172,5;57,98;VRAI;18,8;19,48498215
4,11;281;FAUX;20;157,5;54,36;FAUX;12,1;21,9138322
3,46;270;FAUX;25;155;48,92;VRAI;15,3;20,36212279
3,34;265;VRAI;24;165;44,39;FAUX;10,9;16,30486685
3,4;293;VRAI;23;162,5;57,53;FAUX;9,2;21,78650888
3;281;VRAI;19;152,5;58,89;FAUX;12,1;25,32222521
3,57;283;FAUX;37;157,5;65,69;VRAI;20,4;26,48122953
3,4;259;FAUX;37;155;58,89;FAUX;14,2;24,5119667
2,89;273;FAUX;39;150;51,19;FAUX;15,5;22,75111111
3;277;VRAI;25;160;70,67;FAUX;11,9;27,60546875
3,14;281;FAUX;27;150;49,83;FAUX;12,8;22,14666667
2,86;270;VRAI;21;162,5;59,8;VRAI;18,2;22,64615385
2,8;284;FAUX;29;170;63,42;FAUX;13,8;21,94463668
3,63;276;FAUX;37;160;72,03;FAUX;14,6;28,13671875
3,34;324;FAUX;22;155;74,29;VRAI;15,1;30,9219563
3,49;278;FAUX;37;170;51,64;FAUX;12,9;17,86851211
3,49;273;VRAI;23;160;58,89;VRAI;17,5;23,00390625
3,37;281;VRAI;36;165;63,42;VRAI;14,1;23,29476584
3,91;303;VRAI;23;165;57,53;VRAI;17,2;21,13131313
3,43;275;FAUX;32;157,5;52,09;VRAI;17,6;20,99874024
4,09;285;FAUX;27;170;83,81;FAUX;13,3;29
3,09;270;FAUX;29;167,5;56,17;VRAI;20,8;20,02049454
3,74;284;VRAI;19;152,5;51,64;VRAI;17,7;22,20478366
3,14;277;FAUX;36;152,5;52,55;FAUX;13,8;22,59607632
3;276;FAUX;20;155;50,74;VRAI;17;21,11966701
3,57;255;FAUX;23;157,5;60,25;FAUX;14,7;24,28823381
2,23;258;VRAI;24;165;52,09;VRAI;16,2;19,13314968
3,26;289;FAUX;36;150;52,09;FAUX;13,3;23,15111111
3,17;278;FAUX;29;162,5;65,69;VRAI;22,1;24,87668639
2,94;250;FAUX;40;147,5;63,42;FAUX;14,7;29,15024418
3,26;276;FAUX;26;155;57,53;FAUX;11,7;23,9458897
2,14;247;FAUX;36;160;54,36;VRAI;18,8;21,234375
4,83;296;FAUX;33;167,5;83,81;FAUX;14,2;29,87213188
2,69;271;FAUX;36;152,5;58,89;VRAI;16,3;25,32222521
4,29;287;FAUX;36;155;61,16;FAUX;14,3;25,45681582
4,11;248;FAUX;30;175;65,69;FAUX;13,4;21,44979592
4,11;291;FAUX;28;167,5;58,89;FAUX;14;20,9899755
4,09;313;FAUX;20;170;67,95;FAUX;13,7;23,51211073
4,14;304;VRAI;25;157,5;49,38;VRAI;17,9;19,90627362
3,46;285;FAUX;34;160;49,83;FAUX;13,9;19,46484375
3;256;FAUX;31;165;64,33;FAUX;13,7;23,62901745
3,83;286;FAUX;25;160;56,62;FAUX;13,8;22,1171875
3,69;294;VRAI;21;162,5;59,8;FAUX;12,5;22,64615385
3,26;276;FAUX;24;157,5;49,83;FAUX;11;20,08767952
2,77;265;FAUX;30;152,5;49,83;FAUX;14,1;21,42649825
4,57;292;FAUX;28;160;54,36;FAUX;13,1;21,234375
1,86;237;FAUX;31;167,5;58,89;FAUX;12,6;20,9899755
4,14;288;FAUX;28;160;52,55;FAUX;11,9;20,52734375
2,71;273;FAUX;23;150;40,77;FAUX;12,8;18,12
3,97;293;VRAI;21;172,5;58,89;FAUX;10;19,79080025
3,51;288;FAUX;27;157,5;56,62;FAUX;12,8;22,82489292
3,11;283;FAUX;23;162,5;50,74;VRAI;14,2;19,21514793
3,14;268;FAUX;34;160;57,53;FAUX;13,1;22,47265625
3,49;296;VRAI;24;162,5;59,8;FAUX;10,6;22,64615385
3,29;307;FAUX;34;162,5;57,98;VRAI;18,3;21,95692308
3,09;279;VRAI;19;160;52,09;FAUX;12,2;20,34765625
3,43;287;FAUX;23;167,5;52,55;VRAI;14,7;18,73022945
3,74;269;FAUX;36;170;65,69;FAUX;14,5;22,73010381
3,89;283;VRAI;24;157,5;53,91;FAUX;13,3;21,7324263
3,57;290;FAUX;32;157,5;61,16;FAUX;13,6;24,65507685
2,74;285;VRAI;20;165;53;VRAI;16,6;19,46740129
2,91;282;VRAI;29;162,5;56,62;VRAI;18,3;21,44189349
2,91;288;VRAI;18;162,5;53;FAUX;13;20,07100592
3,2;277;VRAI;22;167,5;54,36;FAUX;13,5;19,375362
3,86;272;FAUX;30;162,5;58,89;FAUX;12,8;22,30153846
2,6;266;FAUX;23;150;54,36;VRAI;17,1;24,16
3,69;276;FAUX;31;157,5;56,62;FAUX;13,6;22,82489292
4,43;290;FAUX;26;165;58,44;VRAI;16,5;21,46556474
3,11;274;FAUX;33;172,5;65,23;VRAI;23,6;21,92144507
2,29;262;VRAI;31;152,5;45,3;VRAI;15;19,47863478
3,57;273;FAUX;30;160;65,69;FAUX;15,1;25,66015625
2,69;284;FAUX;24;157,5;47,11;VRAI;15;18,99118166
4,23;281;FAUX;27;157,5;49,83;VRAI;21;20,08767952
2,09;277;FAUX;29;162,5;65,69;FAUX;15;24,87668639
3,51;267;VRAI;19;165;59,8;VRAI;15,1;21,9651056
1,86;232;FAUX;24;165;56,62;VRAI;17,5;20,79706152
3,37;279;VRAI;21;160;48,92;FAUX;11,5;19,109375
2,91;283;FAUX;39;150;53,91;FAUX;14;23,96
3,43;280;FAUX;24;152,5;53,45;FAUX;13,2;22,98306907
3,09;270;VRAI;21;162,5;58,89;VRAI;15,5;22,30153846
3,49;280;VRAI;45;155;57,98;FAUX;13,7;24,13319459
2,94;268;FAUX;32;155;43,94;VRAI;16,3;18,289282
3;312;FAUX;41;152,5;52,09;VRAI;15,9;22,39828003
3,6;273;VRAI;25;170;61,16;FAUX;12,3;21,16262976
4,14;316;FAUX;22;167,5;64,33;FAUX;10,9;22,9289374
3,97;293;FAUX;34;165;59,34;FAUX;13,3;21,79614325
3,54;290;FAUX;26;162,5;74,75;FAUX;11,5;28,30769231
3,46;282;FAUX;30;162,5;55,27;FAUX;12,8;20,93065089
3,6;299;VRAI;21;150;51,64;FAUX;13,4;22,95111111
3,4;286;VRAI;33;167,5;62,06;FAUX;15,4;22,11984852
3,26;277;VRAI;19;157,5;48,47;FAUX;13,4;19,53943059
3,37;272;FAUX;23;160;51,19;FAUX;12,1;19,99609375
3,63;295;FAUX;36;162,5;65,69;FAUX;15;24,87668639
3,34;290;VRAI;22;167,5;49,83;FAUX;11,7;17,7607485
3,91;277;FAUX;41;162,5;57,08;FAUX;13;21,61609467
3,8;292;FAUX;29;162,5;61,16;FAUX;14,7;23,16118343
2,86;264;FAUX;28;150;50,28;VRAI;20,1;22,34666667
3,06;273;VRAI;26;162,5;61,16;FAUX;11,3;23,16118343
3,29;276;VRAI;20;155;47,57;VRAI;17,6;19,80020812
2,6;292;VRAI;26;152,5;51,19;VRAI;13,6;22,01128729
3,2;287;FAUX;27;160;49,83;VRAI;16,9;19,46484375
3,57;289;VRAI;31;152,5;54,36;FAUX;14,4;23,37436173
4,49;291;FAUX;33;162,5;54,81;FAUX;12,4;20,7564497
3,09;256;VRAI;26;167,5;58,89;FAUX;11;20,9899755
3,71;279;FAUX;31;155;55,27;FAUX;11,1;23,00520291
3,86;289;FAUX;25;160;57,53;FAUX;12;22,47265625
3,51;277;FAUX;24;165;55,27;FAUX;12,1;20,30119376
2,86;281;FAUX;24;152,5;52,09;FAUX;11,5;22,39828003
3,54;277;VRAI;23;160;47,11;FAUX;13,3;18,40234375
4,97;284;FAUX;39;162,5;73,84;FAUX;12,5;27,96307692
3,69;278;FAUX;26;167,5;66,14;FAUX;13,5;23,57406995
3,4;275;FAUX;27;147,5;51,19;VRAI;15,3;23,52887101
3,6;272;VRAI;35;152,5;54,36;VRAI;18,6;23,37436173
3,66;267;FAUX;37;152,5;64,33;FAUX;13,1;27,66138135
3,31;282;VRAI;19;160;56,17;FAUX;12,8;21,94140625
2,86;285;FAUX;18;170;57,53;VRAI;12,4;19,90657439
2,74;285;FAUX;37;165;61,16;VRAI;16,2;22,46464646
3,74;279;VRAI;20;170;55,27;VRAI;16,7;19,12456747
3,14;292;FAUX;35;155;57,53;FAUX;15;23,9458897
3,09;278;FAUX;28;157,5;56,62;VRAI;13,9;22,82489292
3,69;275;FAUX;24;162,5;61,16;FAUX;12,9;23,16118343
4,03;285;FAUX;23;167,5;67,95;FAUX;12,7;24,21920249
3,14;276;FAUX;31;175;70,22;FAUX;13,5;22,92897959
3,37;273;FAUX;21;157,5;54,36;FAUX;13,4;21,9138322
3,17;267;VRAI;24;150;52,09;FAUX;12,5;23,15111111
4,57;297;FAUX;20;170;61,61;FAUX;12,6;21,3183391
3,43;280;FAUX;30;150;52,09;FAUX;15,7;23,15111111
3,46;281;FAUX;29;157,5;48,92;FAUX;15,1;19,72083648
3,23;282;FAUX;30;160;53,45;VRAI;21;20,87890625
3,34;270;FAUX;23;145;52,09;FAUX;11,4;24,77526754
4,51;267;FAUX;35;160;56,62;FAUX;13,8;22,1171875
3,66;277;FAUX;39;152,5;54,36;FAUX;13,5;23,37436173
4,51;289;FAUX;30;165;63,42;FAUX;12,4;23,29476584
3,8;289;FAUX;22;162,5;55,72;VRAI;15,3;21,10106509
4,66;298;FAUX;37;152,5;44,39;FAUX;13,9;19,08734211
3,66;282;VRAI;19;165;53,45;FAUX;11,8;19,63269054
3,6;271;VRAI;21;150;47,57;FAUX;11,6;21,14222222
3,63;283;FAUX;42;155;69,76;VRAI;18,6;29,0364204
3,83;287;FAUX;40;157,5;53,45;FAUX;14,1;21,54698917
4;274;FAUX;41;157,5;55,27;FAUX;13,2;22,28067523
2,91;285;FAUX;29;157,5;53;VRAI;18,5;21,36558327
2,86;252;FAUX;24;152,5;67,95;FAUX;14,5;29,21795216
3,43;295;FAUX;29;147,5;45,3;VRAI;12,8;20,82160299
2,8;279;VRAI;18;162,5;52,09;VRAI;11,9;19,72639053
3,71;246;FAUX;19;155;53,45;FAUX;14,9;22,24765869
2,97;280;FAUX;41;157,5;53,45;VRAI;15,7;21,54698917
3,49;285;FAUX;31;155;46,21;VRAI;17,9;19,23413111
3,91;276;VRAI;25;160;57,53;FAUX;10,9;22,47265625
3,26;285;VRAI;20;152,5;47,11;FAUX;12,4;20,25692018
1,8;236;VRAI;24;145;44,85;FAUX;12,4;21,33174792
2,8;318;FAUX;23;157,5;48,47;FAUX;13,5;19,53943059
2,83;268;FAUX;32;157,5;56,17;VRAI;17,5;22,64348702
2,54;238;VRAI;26;160;61,61;FAUX;12,9;24,06640625
3,34;283;FAUX;22;162,5;64,33;VRAI;17,7;24,3616568
4,09;281;FAUX;29;167,5;59,8;FAUX;12,4;21,3143239
3,03;279;FAUX;29;157,5;56,62;VRAI;15,6;22,82489292
2,83;246;FAUX;35;155;48,02;FAUX;13,7;19,98751301
4,46;300;FAUX;27;162,5;54,36;VRAI;13,2;20,5860355
2,06;266;VRAI;25;165;90,6;VRAI;15,1;33,27823691
2,14;266;FAUX;37;152,5;51,19;VRAI;17,1;22,01128729
2,77;285;FAUX;35;152,5;50,74;VRAI;19,1;21,81779092
3,03;264;FAUX;41;160;51,64;FAUX;13,9;20,171875
2,6;225;FAUX;18;170;53;VRAI;21;18,33910035
3,34;269;VRAI;28;152,5;44,85;FAUX;11,3;19,2851384
3,34;284;FAUX;25;165;80,18;VRAI;17,6;29,45087236
3,2;291;FAUX;23;165;65,69;FAUX;10,7;24,12855831
3,2;270;FAUX;29;152,5;56,17;FAUX;13,4;24,15264714
4,03;293;FAUX;28;152,5;56,62;FAUX;12,3;24,34614351
3,74;259;FAUX;19;157,5;60,7;FAUX;12,9;24,46963971
3,71;290;FAUX;19;162,5;55,72;VRAI;13,6;21,10106509
3,77;270;FAUX;26;167,5;63,42;FAUX;13,3;22,604589
3,26;265;FAUX;23;167,5;58,89;VRAI;14,1;20,9899755
4,57;291;FAUX;34;160;49,83;VRAI;18,5;19,46484375
3,03;283;FAUX;24;157,5;53,91;FAUX;13,3;21,7324263
2,4;260;VRAI;20;160;47,11;VRAI;14,4;18,40234375
3,2;268;VRAI;25;147,5;46,66;FAUX;12,5;21,44671072
3,97;311;FAUX;37;165;61,16;FAUX;14,8;22,46464646
2,97;267;FAUX;30;157,5;81,54;FAUX;15,1;32,8707483
3,71;294;FAUX;32;157,5;49,83;VRAI;19,9;20,08767952
2,03;254;FAUX;19;152,5;65,69;VRAI;14,5;28,24617038
2,34;270;FAUX;21;162,5;67,95;VRAI;13;25,73254438
3,4;280;VRAI;21;160;57,98;FAUX;14;22,6484375
3,51;353;FAUX;26;157,5;52,09;FAUX;13,3;20,99874024
3,29;278;FAUX;27;147,5;43,04;FAUX;11,7;19,78282103
3,54;289;VRAI;21;167,5;65,69;VRAI;17,1;23,41367788
3,94;292;FAUX;25;162,5;58,89;VRAI;13,5;22,30153846
2,51;276;FAUX;25;157,5;46,66;VRAI;18,3;18,80977576
3,66;241;VRAI;17;160;57,08;FAUX;12,8;22,296875
2,34;274;FAUX;31;160;45,75;VRAI;17,4;17,87109375
2,86;274;FAUX;24;157,5;51,19;FAUX;13,2;20,63592845
3,26;271;FAUX;32;152,5;58,89;FAUX;13,8;25,32222521
2,77;269;FAUX;20;162,5;62,06;VRAI;18,4;23,50201183
3,6;298;FAUX;24;152,5;50,74;FAUX;11,2;21,81779092
3,49;275;VRAI;20;162,5;57,53;FAUX;11,6;21,78650888
4,34;295;FAUX;39;155;63,42;FAUX;13,8;26,3975026
3,31;274;FAUX;21;155;49,83;VRAI;13,2;20,7408949
3,77;302;FAUX;36;157,5;65,69;VRAI;18,3;26,48122953
2,4;260;VRAI;37;165;63,42;FAUX;15,3;23,29476584
3,4;277;VRAI;18;152,5;40,32;VRAI;16,8;17,33727493
3,03;312;FAUX;24;155;61,16;VRAI;16;25,45681582
3,97;291;FAUX;24;162,5;72,48;FAUX;13,4;27,44804734
2,94;273;FAUX;36;162,5;71,57;VRAI;15,1;27,10343195
3,2;299;FAUX;24;167,5;65,69;VRAI;19,8;23,41367788
2,74;276;FAUX;33;160;57,53;VRAI;22,3;22,47265625
2,91;281;VRAI;19;167,5;61,16;VRAI;16,6;21,79906438
3,43;300;FAUX;34;157,5;67,95;VRAI;16,6;27,39229025
2,91;338;FAUX;19;160;77,01;FAUX;12;30,08203125
2,77;255;VRAI;22;157,5;48,47;VRAI;18,9;19,53943059
3,23;285;FAUX;22;175;65,69;FAUX;11,1;21,44979592
3,71;297;FAUX;32;145;58,89;FAUX;13,3;28,00951249
2,77;260;VRAI;25;157,5;52,09;VRAI;14,5;20,99874024
3,31;273;FAUX;31;152,5;54,36;FAUX;13;23,37436173
3,26;266;FAUX;29;160;51,19;FAUX;15,1;19,99609375
3,63;242;FAUX;17;152,5;61,16;VRAI;15,4;26,29830691
2,49;247;VRAI;18;165;56,62;VRAI;16,5;20,79706152
4,03;281;FAUX;29;135;70,67;VRAI;17;38,77640604
4,11;283;VRAI;25;165;63,42;FAUX;11;23,29476584
3,31;273;FAUX;33;165;58,89;VRAI;18,1;21,63085399
2,14;265;FAUX;21;162,5;46,66;VRAI;17,7;17,67005917
3,94;286;VRAI;28;170;54,36;FAUX;14,3;18,80968858
2,83;271;FAUX;39;172,5;68,4;FAUX;14,3;22,98676749
3,37;293;FAUX;21;157,5;46,66;FAUX;11,2;18,80977576
2,77;266;FAUX;24;155;49,38;FAUX;12,8;20,55359001
4,17;319;FAUX;28;165;65,69;FAUX;13,4;24,12855831
2,31;285;FAUX;19;157,5;67,95;VRAI;16;27,39229025
3,14;321;FAUX;28;165;81,54;FAUX;12,3;29,95041322
3,86;284;VRAI;19;150;43,04;FAUX;11,7;19,12888889
3,26;290;VRAI;21;162,5;54,36;VRAI;15,2;20,5860355
3,54;288;VRAI;21;160;52,55;VRAI;16,6;20,52734375
3,29;262;VRAI;23;160;61,61;VRAI;16,8;24,06640625
4,09;281;FAUX;28;162,5;61,16;VRAI;20,6;23,16118343
3,23;287;VRAI;29;175;65,69;VRAI;13,4;21,44979592
3,11;244;VRAI;21;157,5;46,21;VRAI;17,3;18,62836987
2,94;278;FAUX;30;150;39,41;VRAI;14,4;17,51555556
3,37;276;FAUX;34;160;52,55;FAUX;12,7;20,52734375
3,63;290;FAUX;27;162,5;54,81;FAUX;11,3;20,7564497
3,77;270;FAUX;27;162,5;57,08;FAUX;11,3;21,61609467
3,23;275;VRAI;27;150;45,3;FAUX;11,6;20,13333333
3,66;265;FAUX;24;167,5;54,36;FAUX;14,1;19,375362
3,71;291;FAUX;30;162,5;67,95;VRAI;19,5;25,73254438
3,57;281;VRAI;21;162,5;49,83;FAUX;10,4;18,87053254
3,34;297;FAUX;38;162,5;58,44;FAUX;15,8;22,13112426
