semaine;budget_pub_eur;chiffre_affaires_eur
2025-S01;5460;39293
2025-S02;1710;28120
2025-S03;3790;31653
2025-S04;5640;40653
2025-S05;3170;30045
2025-S06;3720;35275
2025-S07;3090;34124
2025-S08;6310;41360
2025-S09;5690;37046
2025-S10;3330;32732
2025-S11;3690;33126
2025-S12;1940;22896
2025-S13;5790;42195
2025-S14;3990;35617
2025-S15;4060;35798
2025-S16;2220;28586
2025-S17;6240;42268
2025-S18;6480;49745
2025-S19;4590;35351
2025-S20;2090;26465
2025-S21;3650;31189
2025-S22;6010;49649
2025-S23;2820;27376
2025-S24;2060;28702
2025-S25;3660;34488
2025-S26;1630;22308
2025-S27;2860;33498
2025-S28;2100;23529
2025-S29;2750;29062
2025-S30;5540;44995
2025-S31;4670;40494
2025-S32;4990;39351
2025-S33;5690;42338
2025-S34;5970;48304
2025-S35;5280;39836
2025-S36;4680;37917
2025-S37;3800;35982
2025-S38;5520;43996
2025-S39;1680;23803
2025-S40;5470;44380
2025-S41;3010;29520
2025-S42;3750;34017
2025-S43;1660;23659
2025-S44;1570;24631
2025-S45;5750;41757
2025-S46;2580;27925
2025-S47;5050;37231
2025-S48;2960;31660
2025-S49;3010;34797
2025-S50;3480;34739
2025-S51;3360;30208
2025-S52;4430;36551
