id_visite;version_page;appareil;achat
100001;B;mobile;non
100002;B;mobile;non
100003;A;ordinateur;non
100004;A;ordinateur;non
100005;B;mobile;non
100006;B;mobile;non
100007;B;mobile;non
100008;A;mobile;non
100009;B;mobile;non
100010;A;mobile;non
100011;A;ordinateur;non
100012;A;tablette;non
100013;B;ordinateur;non
100014;A;mobile;non
100015;B;tablette;non
100016;A;mobile;non
100017;A;mobile;non
100018;A;mobile;non
100019;B;mobile;non
100020;B;ordinateur;non
100021;B;mobile;non
100022;A;mobile;non
100023;A;mobile;non
100024;A;mobile;non
100025;A;mobile;non
100026;A;mobile;non
100027;A;ordinateur;non
100028;B;mobile;non
100029;B;mobile;non
100030;A;ordinateur;non
100031;B;tablette;non
100032;A;mobile;non
100033;A;mobile;non
100034;B;ordinateur;non
100035;B;mobile;non
100036;A;mobile;non
100037;A;mobile;non
100038;A;mobile;non
100039;A;mobile;non
100040;A;mobile;non
100041;B;mobile;non
100042;A;mobile;non
100043;A;ordinateur;non
100044;A;ordinateur;non
100045;A;ordinateur;non
100046;A;mobile;non
100047;B;mobile;non
100048;B;ordinateur;non
100049;A;mobile;non
100050;A;ordinateur;non
100051;B;mobile;non
100052;A;mobile;non
100053;A;ordinateur;non
100054;A;ordinateur;oui
100055;B;mobile;non
100056;B;mobile;oui
100057;A;mobile;non
100058;A;ordinateur;non
100059;B;mobile;non
100060;B;ordinateur;oui
100061;A;mobile;non
100062;B;mobile;non
100063;A;mobile;non
100064;B;ordinateur;non
100065;B;mobile;non
100066;A;ordinateur;non
100067;B;mobile;non
100068;A;ordinateur;non
100069;A;ordinateur;non
100070;B;ordinateur;non
100071;A;ordinateur;non
100072;A;ordinateur;non
100073;B;mobile;non
100074;A;ordinateur;non
100075;A;mobile;non
100076;B;ordinateur;non
100077;A;ordinateur;non
100078;B;ordinateur;non
100079;A;mobile;non
100080;A;mobile;non
100081;A;mobile;non
100082;A;mobile;non
100083;B;mobile;non
100084;B;ordinateur;non
100085;A;mobile;non
100086;B;mobile;non
100087;A;mobile;non
100088;A;mobile;non
100089;A;mobile;non
100090;A;ordinateur;non
100091;A;mobile;non
100092;B;ordinateur;non
100093;A;ordinateur;non
100094;B;mobile;non
100095;B;mobile;non
100096;B;mobile;non
100097;A;mobile;non
100098;B;ordinateur;non
100099;A;mobile;non
100100;A;mobile;non
100101;B;tablette;non
100102;A;mobile;non
100103;B;mobile;non
100104;A;mobile;non
100105;B;ordinateur;non
100106;A;ordinateur;non
100107;A;ordinateur;non
100108;B;ordinateur;non
100109;A;tablette;oui
100110;B;mobile;non
100111;A;mobile;non
100112;B;ordinateur;non
100113;B;ordinateur;non
100114;A;mobile;non
100115;A;ordinateur;non
100116;B;ordinateur;non
100117;B;mobile;non
100118;A;ordinateur;non
100119;B;ordinateur;non
100120;B;ordinateur;non
100121;A;mobile;non
100122;B;mobile;non
100123;A;ordinateur;non
100124;A;mobile;non
100125;B;ordinateur;non
100126;B;mobile;non
100127;B;ordinateur;non
100128;A;ordinateur;non
100129;B;mobile;non
100130;B;mobile;non
100131;A;ordinateur;non
100132;B;mobile;non
100133;B;ordinateur;non
100134;A;ordinateur;non
100135;A;mobile;non
100136;A;mobile;non
100137;B;mobile;non
100138;B;ordinateur;oui
100139;A;ordinateur;non
100140;B;ordinateur;non
100141;A;mobile;non
100142;A;mobile;non
100143;A;ordinateur;non
100144;A;ordinateur;non
100145;B;mobile;non
100146;B;mobile;non
100147;B;mobile;non
100148;B;mobile;non
100149;A;mobile;non
100150;B;ordinateur;non
100151;B;mobile;non
100152;B;mobile;non
100153;B;mobile;non
100154;A;ordinateur;non
100155;B;ordinateur;non
100156;B;mobile;non
100157;A;ordinateur;non
100158;A;mobile;non
100159;A;mobile;non
100160;B;mobile;non
100161;A;mobile;non
100162;A;mobile;non
100163;A;mobile;non
100164;B;ordinateur;non
100165;B;ordinateur;non
100166;A;mobile;non
100167;B;mobile;non
100168;A;mobile;non
100169;A;tablette;oui
100170;A;mobile;non
100171;A;ordinateur;non
100172;B;ordinateur;non
100173;B;mobile;non
100174;A;ordinateur;non
100175;B;ordinateur;non
100176;A;mobile;non
100177;B;ordinateur;non
100178;A;mobile;non
100179;A;mobile;non
100180;B;mobile;non
100181;B;mobile;non
100182;A;mobile;non
100183;B;mobile;non
100184;B;mobile;non
100185;A;ordinateur;non
100186;B;ordinateur;non
100187;A;ordinateur;non
100188;A;ordinateur;non
100189;B;mobile;non
100190;A;mobile;non
100191;B;mobile;non
100192;B;mobile;non
100193;B;mobile;non
100194;A;mobile;non
100195;B;mobile;oui
100196;B;tablette;non
100197;B;mobile;non
100198;A;mobile;non
100199;A;ordinateur;non
100200;B;mobile;non
100201;A;mobile;non
100202;B;tablette;non
100203;B;mobile;non
100204;A;mobile;non
100205;A;tablette;non
100206;B;mobile;non
100207;A;mobile;non
100208;B;ordinateur;non
100209;A;mobile;non
100210;A;ordinateur;non
100211;A;mobile;non
100212;B;mobile;non
100213;B;mobile;non
100214;A;ordinateur;non
100215;B;mobile;non
100216;A;mobile;non
100217;B;mobile;non
100218;A;ordinateur;non
100219;A;ordinateur;non
100220;A;ordinateur;non
100221;B;ordinateur;non
100222;B;mobile;non
100223;B;ordinateur;non
100224;A;ordinateur;non
100225;A;mobile;oui
100226;B;ordinateur;non
100227;A;tablette;non
100228;A;tablette;non
100229;A;ordinateur;non
100230;B;ordinateur;oui
100231;A;mobile;non
100232;B;ordinateur;non
100233;A;mobile;non
100234;A;ordinateur;non
100235;A;tablette;non
100236;B;ordinateur;non
100237;B;ordinateur;non
100238;A;mobile;non
100239;A;mobile;non
100240;B;tablette;non
100241;A;ordinateur;non
100242;A;ordinateur;non
100243;A;mobile;non
100244;B;ordinateur;non
100245;A;mobile;oui
100246;A;ordinateur;oui
100247;B;mobile;non
100248;A;ordinateur;non
100249;B;mobile;non
100250;A;mobile;non
100251;A;mobile;non
100252;A;mobile;non
100253;B;mobile;non
100254;B;mobile;non
100255;B;ordinateur;non
100256;A;mobile;non
100257;A;mobile;non
100258;A;mobile;non
100259;A;ordinateur;non
100260;A;mobile;non
100261;A;ordinateur;non
100262;A;mobile;non
100263;A;tablette;non
100264;A;tablette;non
100265;A;mobile;non
100266;A;mobile;non
100267;A;ordinateur;non
100268;B;mobile;non
100269;A;tablette;non
100270;B;ordinateur;non
100271;B;ordinateur;non
100272;A;ordinateur;non
100273;A;ordinateur;non
100274;B;mobile;non
100275;A;ordinateur;non
100276;A;mobile;non
100277;B;mobile;non
100278;A;mobile;non
100279;A;ordinateur;non
100280;B;ordinateur;non
100281;B;mobile;non
100282;A;mobile;non
100283;A;mobile;oui
100284;B;mobile;non
100285;A;tablette;non
100286;A;tablette;non
100287;A;ordinateur;non
100288;A;tablette;non
100289;A;ordinateur;non
100290;B;mobile;non
100291;B;mobile;non
100292;A;ordinateur;non
100293;A;ordinateur;non
100294;A;mobile;non
100295;B;ordinateur;non
100296;A;tablette;non
100297;A;mobile;non
100298;B;mobile;non
100299;A;mobile;non
100300;A;mobile;non
100301;B;mobile;non
100302;A;ordinateur;non
100303;B;ordinateur;non
100304;A;mobile;non
100305;B;mobile;non
100306;A;mobile;non
100307;B;mobile;non
100308;B;mobile;non
100309;A;mobile;non
100310;B;mobile;non
100311;B;ordinateur;non
100312;A;mobile;non
100313;A;mobile;non
100314;A;mobile;non
100315;B;mobile;non
100316;A;mobile;non
100317;A;ordinateur;non
100318;A;ordinateur;non
100319;A;ordinateur;non
100320;A;ordinateur;non
100321;B;mobile;non
100322;A;mobile;non
100323;A;ordinateur;non
100324;B;mobile;non
100325;B;ordinateur;non
100326;A;mobile;non
100327;A;mobile;non
100328;B;ordinateur;non
100329;B;ordinateur;non
100330;B;ordinateur;non
100331;A;ordinateur;non
100332;A;tablette;non
100333;A;ordinateur;non
100334;B;ordinateur;non
100335;A;mobile;non
100336;B;mobile;non
100337;B;ordinateur;non
100338;B;tablette;non
100339;B;mobile;non
100340;A;ordinateur;non
100341;B;mobile;non
100342;A;ordinateur;non
100343;B;ordinateur;non
100344;A;mobile;non
100345;B;mobile;non
100346;A;mobile;non
100347;A;mobile;non
100348;B;ordinateur;non
100349;B;ordinateur;non
100350;A;mobile;non
100351;A;mobile;non
100352;B;mobile;non
100353;A;mobile;non
100354;A;ordinateur;non
100355;B;mobile;non
100356;A;mobile;non
100357;A;mobile;non
100358;A;tablette;non
100359;A;mobile;non
100360;B;mobile;non
100361;B;ordinateur;non
100362;B;mobile;non
100363;A;mobile;non
100364;A;tablette;non
100365;B;mobile;non
100366;B;mobile;non
100367;B;mobile;non
100368;A;mobile;non
100369;B;tablette;non
100370;A;ordinateur;non
100371;A;ordinateur;non
100372;A;ordinateur;non
100373;B;ordinateur;non
100374;B;ordinateur;non
100375;A;mobile;non
100376;B;ordinateur;non
100377;A;ordinateur;non
100378;B;mobile;non
100379;A;mobile;non
100380;A;ordinateur;non
100381;A;ordinateur;non
100382;A;mobile;non
100383;A;mobile;non
100384;A;mobile;non
100385;B;mobile;non
100386;A;mobile;non
100387;B;ordinateur;non
100388;B;ordinateur;non
100389;B;mobile;non
100390;B;mobile;non
100391;B;ordinateur;non
100392;A;ordinateur;non
100393;B;mobile;non
100394;A;mobile;non
100395;A;mobile;non
100396;A;mobile;oui
100397;B;ordinateur;non
100398;B;mobile;non
100399;A;mobile;non
100400;A;mobile;non
100401;B;mobile;non
100402;A;mobile;oui
100403;A;ordinateur;non
100404;B;tablette;non
100405;B;mobile;non
100406;B;mobile;non
100407;A;mobile;non
100408;B;mobile;non
100409;A;mobile;non
100410;B;mobile;non
100411;A;mobile;non
100412;B;mobile;non
100413;A;mobile;non
100414;A;ordinateur;non
100415;A;ordinateur;non
100416;B;ordinateur;non
100417;A;mobile;non
100418;A;mobile;non
100419;B;tablette;non
100420;A;mobile;non
100421;B;mobile;non
100422;A;mobile;non
100423;A;mobile;non
100424;A;mobile;non
100425;A;mobile;non
100426;A;tablette;non
100427;B;ordinateur;non
100428;A;ordinateur;non
100429;B;ordinateur;non
100430;A;mobile;non
100431;A;ordinateur;non
100432;B;ordinateur;non
100433;A;mobile;non
100434;A;mobile;non
100435;A;ordinateur;non
100436;A;tablette;non
100437;A;mobile;non
100438;B;ordinateur;non
100439;A;mobile;non
100440;A;mobile;non
100441;A;ordinateur;non
100442;B;mobile;non
100443;B;ordinateur;non
100444;A;ordinateur;non
100445;A;mobile;non
100446;A;mobile;non
100447;A;ordinateur;non
100448;B;tablette;non
100449;B;mobile;non
100450;B;ordinateur;non
100451;A;ordinateur;non
100452;B;mobile;non
100453;B;mobile;non
100454;A;mobile;non
100455;A;mobile;non
100456;A;mobile;non
100457;B;mobile;non
100458;B;mobile;oui
100459;A;mobile;non
100460;A;mobile;oui
100461;A;mobile;non
100462;A;mobile;non
100463;B;mobile;non
100464;B;mobile;non
100465;B;ordinateur;non
100466;B;mobile;non
100467;A;mobile;non
100468;B;mobile;non
100469;B;tablette;non
100470;B;mobile;non
100471;A;tablette;non
100472;B;mobile;non
100473;A;ordinateur;non
100474;A;mobile;non
100475;B;mobile;non
100476;B;ordinateur;non
100477;B;mobile;non
100478;A;mobile;non
100479;A;ordinateur;non
100480;A;mobile;non
100481;B;mobile;non
100482;A;mobile;non
100483;A;ordinateur;non
100484;B;ordinateur;oui
100485;B;mobile;non
100486;A;mobile;oui
100487;B;ordinateur;non
100488;A;ordinateur;non
100489;B;mobile;non
100490;A;ordinateur;non
100491;B;mobile;non
100492;A;mobile;non
100493;A;ordinateur;non
100494;B;tablette;non
100495;A;mobile;non
100496;A;mobile;non
100497;A;mobile;non
100498;A;mobile;non
100499;A;ordinateur;non
100500;B;mobile;non
100501;A;mobile;non
100502;A;ordinateur;non
100503;A;mobile;non
100504;A;mobile;non
100505;B;ordinateur;non
100506;A;ordinateur;non
100507;B;mobile;non
100508;A;mobile;non
100509;B;mobile;non
100510;B;mobile;non
100511;B;mobile;non
100512;B;mobile;non
100513;B;ordinateur;non
100514;B;mobile;non
100515;A;mobile;non
100516;B;mobile;non
100517;A;ordinateur;non
100518;B;mobile;non
100519;A;tablette;non
100520;B;ordinateur;non
100521;A;mobile;non
100522;A;ordinateur;non
100523;A;mobile;non
100524;B;mobile;non
100525;A;mobile;non
100526;B;mobile;oui
100527;B;mobile;non
100528;B;ordinateur;non
100529;B;mobile;non
100530;B;mobile;non
100531;B;mobile;non
100532;B;mobile;non
100533;B;ordinateur;non
100534;B;ordinateur;non
100535;A;mobile;non
100536;A;mobile;non
100537;A;tablette;non
100538;B;mobile;non
100539;B;mobile;non
100540;B;mobile;non
100541;B;mobile;non
100542;B;mobile;non
100543;B;ordinateur;non
100544;B;mobile;non
100545;B;mobile;non
100546;B;mobile;non
100547;B;ordinateur;non
100548;A;mobile;non
100549;B;tablette;non
100550;B;ordinateur;non
100551;A;mobile;non
100552;A;mobile;non
100553;B;ordinateur;non
100554;B;mobile;oui
100555;B;ordinateur;non
100556;A;ordinateur;non
100557;A;mobile;non
100558;A;mobile;non
100559;A;mobile;non
100560;A;ordinateur;non
100561;B;tablette;non
100562;A;ordinateur;non
100563;B;mobile;non
100564;B;mobile;non
100565;A;mobile;non
100566;B;ordinateur;oui
100567;A;ordinateur;non
100568;A;mobile;non
100569;B;mobile;non
100570;B;ordinateur;non
100571;A;mobile;non
100572;A;ordinateur;non
100573;A;ordinateur;non
100574;A;ordinateur;oui
100575;A;mobile;non
100576;A;mobile;non
100577;A;mobile;non
100578;A;ordinateur;non
100579;A;mobile;non
100580;B;mobile;non
100581;B;mobile;non
100582;B;mobile;non
100583;A;mobile;non
100584;A;mobile;non
100585;B;mobile;non
100586;A;mobile;non
100587;B;mobile;non
100588;B;ordinateur;non
100589;A;tablette;non
100590;B;mobile;non
100591;A;mobile;non
100592;A;mobile;non
100593;A;mobile;non
100594;B;mobile;non
100595;B;mobile;non
100596;A;mobile;non
100597;B;mobile;non
100598;B;mobile;non
100599;A;mobile;non
100600;B;mobile;non
100601;A;ordinateur;non
100602;B;mobile;oui
100603;A;mobile;non
100604;A;ordinateur;non
100605;A;mobile;non
100606;A;mobile;non
100607;A;ordinateur;non
100608;A;ordinateur;non
100609;A;mobile;non
100610;A;mobile;non
100611;A;mobile;non
100612;A;ordinateur;non
100613;A;mobile;non
100614;A;ordinateur;non
100615;B;mobile;oui
100616;B;mobile;non
100617;B;mobile;non
100618;B;mobile;non
100619;B;tablette;non
100620;B;mobile;non
100621;A;mobile;non
100622;B;mobile;non
100623;A;mobile;non
100624;B;mobile;non
100625;B;mobile;oui
100626;B;mobile;non
100627;B;tablette;non
100628;B;mobile;non
100629;B;ordinateur;non
100630;B;mobile;non
100631;A;ordinateur;non
100632;A;mobile;non
100633;B;mobile;non
100634;B;mobile;non
100635;A;mobile;non
100636;B;tablette;non
100637;A;ordinateur;non
100638;B;mobile;non
100639;A;mobile;non
100640;B;ordinateur;non
100641;A;ordinateur;non
100642;A;ordinateur;non
100643;A;ordinateur;non
100644;A;ordinateur;non
100645;B;mobile;non
100646;B;mobile;non
100647;B;ordinateur;non
100648;A;mobile;non
100649;A;mobile;non
100650;A;ordinateur;non
100651;A;ordinateur;non
100652;B;ordinateur;non
100653;A;mobile;non
100654;B;mobile;non
100655;B;mobile;non
100656;A;ordinateur;non
100657;B;mobile;non
100658;B;ordinateur;non
100659;B;ordinateur;non
100660;B;ordinateur;non
100661;B;tablette;non
100662;A;ordinateur;non
100663;A;mobile;non
100664;A;tablette;non
100665;A;mobile;non
100666;B;ordinateur;non
100667;B;mobile;non
100668;A;mobile;non
100669;A;ordinateur;non
100670;A;mobile;oui
100671;A;mobile;non
100672;A;mobile;non
100673;B;mobile;non
100674;A;ordinateur;non
100675;B;ordinateur;non
100676;B;mobile;non
100677;A;ordinateur;non
100678;A;mobile;non
100679;A;mobile;non
100680;B;mobile;non
100681;A;mobile;non
100682;B;ordinateur;non
100683;A;ordinateur;non
100684;B;mobile;non
100685;B;mobile;non
100686;B;mobile;non
100687;A;mobile;non
100688;A;mobile;non
100689;B;ordinateur;non
100690;A;mobile;non
100691;A;mobile;non
100692;B;mobile;non
100693;B;ordinateur;non
100694;B;mobile;non
100695;A;mobile;non
100696;B;mobile;non
100697;B;ordinateur;non
100698;B;mobile;non
100699;A;tablette;non
100700;A;ordinateur;non
100701;B;mobile;non
100702;B;mobile;non
100703;B;mobile;non
100704;A;ordinateur;non
100705;B;mobile;non
100706;A;ordinateur;non
100707;A;mobile;non
100708;B;mobile;non
100709;A;ordinateur;non
100710;A;mobile;non
100711;B;ordinateur;non
100712;B;mobile;non
100713;A;mobile;non
100714;A;mobile;non
100715;B;mobile;non
100716;B;ordinateur;non
100717;B;mobile;oui
100718;B;ordinateur;non
100719;B;mobile;non
100720;A;ordinateur;non
100721;B;mobile;non
100722;A;mobile;non
100723;A;mobile;non
100724;A;ordinateur;non
100725;A;ordinateur;non
100726;B;mobile;non
100727;A;mobile;non
100728;B;ordinateur;non
100729;A;mobile;non
100730;A;mobile;non
100731;A;ordinateur;non
100732;B;mobile;non
100733;A;mobile;non
100734;B;mobile;non
100735;B;ordinateur;non
100736;A;mobile;non
100737;A;mobile;non
100738;B;ordinateur;non
100739;B;mobile;non
100740;A;ordinateur;non
100741;A;mobile;non
100742;B;ordinateur;non
100743;B;mobile;non
100744;A;mobile;non
100745;A;ordinateur;non
100746;A;mobile;non
100747;B;ordinateur;non
100748;A;ordinateur;non
100749;B;mobile;non
100750;A;ordinateur;non
100751;A;ordinateur;non
100752;A;mobile;non
100753;A;mobile;non
100754;B;mobile;non
100755;A;mobile;non
100756;B;ordinateur;non
100757;A;ordinateur;non
100758;A;mobile;non
100759;B;mobile;non
100760;A;mobile;non
100761;B;ordinateur;non
100762;A;ordinateur;non
100763;A;mobile;non
100764;B;ordinateur;non
100765;A;ordinateur;non
100766;B;tablette;non
100767;A;mobile;non
100768;A;mobile;non
100769;B;ordinateur;non
100770;A;tablette;non
100771;B;mobile;non
100772;A;mobile;non
100773;A;ordinateur;non
100774;A;mobile;non
100775;A;ordinateur;non
100776;A;mobile;non
100777;B;ordinateur;non
100778;B;ordinateur;non
100779;A;mobile;non
100780;A;ordinateur;non
100781;A;ordinateur;non
100782;B;ordinateur;non
100783;B;ordinateur;non
100784;A;mobile;non
100785;A;mobile;non
100786;A;mobile;non
100787;A;mobile;non
100788;B;mobile;non
100789;A;ordinateur;non
100790;B;ordinateur;non
100791;A;ordinateur;non
100792;B;mobile;non
100793;B;mobile;non
100794;A;mobile;non
100795;B;mobile;non
100796;B;ordinateur;non
100797;A;ordinateur;non
100798;B;mobile;non
100799;B;tablette;non
100800;A;ordinateur;non
100801;B;mobile;non
100802;A;mobile;non
100803;B;mobile;non
100804;A;mobile;non
100805;A;ordinateur;non
100806;A;ordinateur;non
100807;B;ordinateur;non
100808;A;mobile;non
100809;B;ordinateur;non
100810;A;ordinateur;non
100811;A;mobile;non
100812;A;mobile;non
100813;A;tablette;non
100814;A;mobile;non
100815;A;ordinateur;non
100816;A;ordinateur;non
100817;A;mobile;non
100818;A;ordinateur;non
100819;A;mobile;non
100820;A;mobile;non
100821;A;mobile;non
100822;B;ordinateur;non
100823;A;mobile;non
100824;A;ordinateur;non
100825;B;mobile;non
100826;A;mobile;non
100827;B;tablette;non
100828;A;mobile;non
100829;B;mobile;non
100830;A;ordinateur;non
100831;B;mobile;non
100832;B;mobile;non
100833;A;mobile;non
100834;B;mobile;non
100835;B;ordinateur;non
100836;A;mobile;non
100837;A;mobile;non
100838;A;mobile;non
100839;A;tablette;non
100840;A;ordinateur;non
100841;B;mobile;non
100842;A;mobile;non
100843;A;ordinateur;non
100844;B;mobile;non
100845;A;mobile;non
100846;A;mobile;non
100847;A;ordinateur;non
100848;A;mobile;oui
100849;A;mobile;non
100850;A;mobile;non
100851;B;mobile;non
100852;A;mobile;non
100853;B;ordinateur;non
100854;A;ordinateur;non
100855;B;ordinateur;non
100856;B;mobile;non
100857;B;mobile;oui
100858;B;mobile;non
100859;A;mobile;non
100860;A;mobile;non
100861;B;mobile;non
100862;A;mobile;non
100863;A;mobile;non
100864;B;ordinateur;non
100865;A;ordinateur;non
100866;B;ordinateur;non
100867;B;mobile;non
100868;B;mobile;non
100869;B;mobile;non
100870;B;mobile;non
100871;B;mobile;non
100872;A;ordinateur;non
100873;A;mobile;non
100874;B;ordinateur;non
100875;A;mobile;non
100876;A;ordinateur;non
100877;A;mobile;non
100878;B;ordinateur;non
100879;A;mobile;non
100880;A;mobile;non
100881;A;mobile;non
100882;A;mobile;non
100883;B;mobile;non
100884;B;mobile;non
100885;A;mobile;non
100886;B;mobile;non
100887;A;mobile;non
100888;B;mobile;non
100889;A;mobile;non
100890;A;mobile;non
100891;A;tablette;non
100892;A;mobile;non
100893;A;ordinateur;oui
100894;A;mobile;non
100895;A;ordinateur;non
100896;B;mobile;non
100897;A;ordinateur;non
100898;A;mobile;non
100899;A;mobile;non
100900;B;ordinateur;non
100901;B;mobile;non
100902;B;ordinateur;non
100903;A;mobile;non
100904;B;ordinateur;non
100905;B;ordinateur;non
100906;A;ordinateur;non
100907;A;ordinateur;non
100908;A;mobile;non
100909;B;ordinateur;non
100910;A;ordinateur;non
100911;B;ordinateur;non
100912;A;mobile;non
100913;B;mobile;non
100914;B;mobile;oui
100915;A;mobile;non
100916;A;ordinateur;non
100917;B;ordinateur;non
100918;B;mobile;non
100919;A;mobile;non
100920;B;tablette;non
100921;A;tablette;non
100922;A;ordinateur;non
100923;B;ordinateur;non
100924;A;mobile;non
100925;A;ordinateur;non
100926;A;mobile;non
100927;A;ordinateur;non
100928;A;ordinateur;non
100929;B;mobile;non
100930;B;ordinateur;non
100931;A;ordinateur;non
100932;A;mobile;non
100933;B;mobile;non
100934;B;mobile;non
100935;A;mobile;non
100936;B;mobile;non
100937;B;ordinateur;non
100938;B;ordinateur;non
100939;A;mobile;non
100940;B;ordinateur;non
100941;B;ordinateur;non
100942;A;mobile;non
100943;A;mobile;non
100944;B;tablette;non
100945;B;ordinateur;non
100946;B;mobile;non
100947;B;mobile;non
100948;B;mobile;non
100949;A;ordinateur;non
100950;B;ordinateur;non
100951;A;mobile;non
100952;B;ordinateur;non
100953;A;mobile;non
100954;B;mobile;non
100955;B;ordinateur;non
100956;A;ordinateur;non
100957;A;ordinateur;non
100958;A;mobile;non
100959;B;mobile;non
100960;B;ordinateur;non
100961;B;ordinateur;non
100962;A;ordinateur;non
100963;A;ordinateur;oui
100964;B;ordinateur;non
100965;B;ordinateur;non
100966;B;mobile;non
100967;A;ordinateur;oui
100968;B;mobile;non
100969;A;ordinateur;non
100970;B;mobile;non
100971;A;mobile;non
100972;B;mobile;non
100973;B;mobile;non
100974;A;ordinateur;non
100975;B;mobile;non
100976;B;mobile;non
100977;B;mobile;non
100978;A;mobile;non
100979;B;mobile;oui
100980;B;mobile;non
100981;A;ordinateur;non
100982;B;mobile;non
100983;A;ordinateur;non
100984;A;ordinateur;non
100985;A;ordinateur;non
100986;A;ordinateur;non
100987;B;mobile;non
100988;B;mobile;non
100989;A;mobile;non
100990;A;tablette;non
100991;A;mobile;non
100992;A;tablette;non
100993;B;mobile;non
100994;B;ordinateur;non
100995;B;ordinateur;non
100996;A;ordinateur;non
100997;B;mobile;oui
100998;B;ordinateur;non
100999;B;ordinateur;non
101000;A;mobile;non
101001;B;ordinateur;non
101002;A;mobile;non
101003;B;ordinateur;non
101004;B;mobile;non
101005;A;mobile;non
101006;B;mobile;non
101007;A;mobile;non
101008;B;mobile;non
101009;B;mobile;non
101010;B;mobile;non
101011;A;ordinateur;non
101012;B;mobile;non
101013;A;ordinateur;non
101014;B;mobile;non
101015;B;mobile;non
101016;B;mobile;non
101017;A;tablette;non
101018;A;mobile;non
101019;A;ordinateur;non
101020;A;ordinateur;non
101021;B;mobile;non
101022;B;mobile;non
101023;A;ordinateur;non
101024;B;mobile;non
101025;A;ordinateur;non
101026;A;mobile;non
101027;B;tablette;non
101028;B;ordinateur;non
101029;B;mobile;non
101030;A;ordinateur;non
101031;A;mobile;non
101032;A;mobile;non
101033;B;tablette;non
101034;A;ordinateur;non
101035;A;ordinateur;non
101036;A;ordinateur;non
101037;B;ordinateur;non
101038;B;tablette;oui
101039;B;mobile;non
101040;A;mobile;non
101041;B;ordinateur;oui
101042;A;mobile;non
101043;A;ordinateur;non
101044;B;mobile;non
101045;B;ordinateur;non
101046;A;ordinateur;non
101047;A;ordinateur;non
101048;B;ordinateur;non
101049;B;ordinateur;non
101050;B;ordinateur;non
101051;A;ordinateur;non
101052;B;ordinateur;non
101053;A;ordinateur;non
101054;B;mobile;non
101055;A;mobile;non
101056;A;mobile;non
101057;B;mobile;non
101058;B;mobile;non
101059;B;mobile;non
101060;A;mobile;non
101061;B;mobile;non
101062;A;ordinateur;non
101063;A;mobile;non
101064;B;ordinateur;non
101065;A;tablette;non
101066;B;ordinateur;non
101067;B;mobile;non
101068;A;mobile;non
101069;B;mobile;non
101070;B;ordinateur;non
101071;B;tablette;non
101072;A;mobile;non
101073;A;tablette;non
101074;B;mobile;oui
101075;B;ordinateur;non
101076;A;ordinateur;non
101077;A;mobile;non
101078;B;ordinateur;non
101079;B;mobile;non
101080;A;ordinateur;oui
101081;B;ordinateur;non
101082;B;ordinateur;non
101083;B;mobile;non
101084;A;ordinateur;non
101085;B;mobile;non
101086;A;mobile;non
101087;A;mobile;non
101088;B;mobile;non
101089;B;ordinateur;non
101090;B;tablette;non
101091;A;ordinateur;non
101092;A;mobile;non
101093;A;ordinateur;non
101094;B;mobile;non
101095;A;mobile;non
101096;B;mobile;non
101097;A;ordinateur;non
101098;B;mobile;non
101099;A;tablette;non
101100;A;ordinateur;non
101101;A;ordinateur;non
101102;A;mobile;non
101103;A;ordinateur;non
101104;B;mobile;non
101105;B;ordinateur;oui
101106;A;mobile;non
101107;A;ordinateur;non
101108;B;mobile;non
101109;B;tablette;non
101110;A;mobile;non
101111;A;mobile;non
101112;A;ordinateur;non
101113;A;ordinateur;non
101114;B;mobile;non
101115;A;ordinateur;non
101116;A;mobile;non
101117;B;mobile;non
101118;A;tablette;non
101119;A;mobile;non
101120;A;ordinateur;non
101121;A;ordinateur;non
101122;A;mobile;non
101123;A;mobile;oui
101124;A;mobile;non
101125;B;tablette;oui
101126;A;ordinateur;non
101127;B;mobile;non
101128;B;ordinateur;non
101129;B;ordinateur;oui
101130;A;mobile;non
101131;A;mobile;non
101132;A;ordinateur;non
101133;B;ordinateur;non
101134;A;mobile;non
101135;A;ordinateur;non
101136;B;mobile;non
101137;A;ordinateur;non
101138;A;mobile;non
101139;A;ordinateur;non
101140;B;mobile;non
101141;B;mobile;non
101142;A;mobile;non
101143;A;mobile;non
101144;B;mobile;non
101145;A;ordinateur;non
101146;B;mobile;non
101147;A;mobile;non
101148;B;mobile;non
101149;B;mobile;non
101150;B;ordinateur;non
101151;A;ordinateur;non
101152;A;mobile;non
101153;B;ordinateur;non
101154;A;mobile;non
101155;B;ordinateur;non
101156;A;mobile;non
101157;A;ordinateur;non
101158;A;mobile;non
101159;B;ordinateur;non
101160;B;mobile;non
101161;A;mobile;non
101162;A;mobile;non
101163;B;mobile;non
101164;A;mobile;non
101165;A;mobile;non
101166;B;mobile;non
101167;B;mobile;non
101168;A;ordinateur;non
101169;A;ordinateur;non
101170;B;ordinateur;non
101171;A;mobile;oui
101172;A;ordinateur;non
101173;A;mobile;non
101174;A;mobile;non
101175;B;mobile;non
101176;A;ordinateur;non
101177;A;mobile;non
101178;A;mobile;non
101179;B;mobile;non
101180;B;mobile;non
101181;B;ordinateur;non
101182;B;mobile;non
101183;A;mobile;non
101184;B;tablette;non
101185;A;ordinateur;non
101186;B;mobile;non
101187;B;ordinateur;non
101188;B;mobile;non
101189;B;ordinateur;non
101190;A;ordinateur;non
101191;A;ordinateur;non
101192;A;mobile;non
101193;A;mobile;non
101194;A;ordinateur;non
101195;A;mobile;oui
101196;A;mobile;non
101197;A;mobile;non
101198;B;mobile;non
101199;A;ordinateur;non
101200;A;ordinateur;non
101201;A;mobile;non
101202;A;mobile;non
101203;B;ordinateur;non
101204;B;ordinateur;non
101205;A;mobile;non
101206;B;ordinateur;non
101207;B;mobile;non
101208;B;mobile;non
101209;A;tablette;non
101210;B;mobile;non
101211;A;ordinateur;non
101212;B;tablette;non
101213;A;mobile;non
101214;B;ordinateur;non
101215;A;ordinateur;non
101216;B;ordinateur;non
101217;A;ordinateur;non
101218;B;ordinateur;non
101219;B;ordinateur;non
101220;B;ordinateur;non
101221;A;ordinateur;non
101222;B;mobile;non
101223;A;mobile;non
101224;B;ordinateur;non
101225;A;mobile;non
101226;B;ordinateur;non
101227;B;mobile;non
101228;A;ordinateur;non
101229;B;tablette;oui
101230;A;mobile;non
101231;A;ordinateur;non
101232;A;mobile;non
101233;A;ordinateur;non
101234;A;mobile;non
101235;B;mobile;non
101236;B;mobile;non
101237;B;mobile;non
101238;A;ordinateur;non
101239;B;ordinateur;non
101240;B;ordinateur;non
101241;B;tablette;non
101242;A;mobile;non
101243;B;mobile;non
101244;A;mobile;non
101245;A;ordinateur;non
101246;A;mobile;non
101247;B;mobile;non
101248;A;ordinateur;non
101249;B;mobile;non
101250;A;mobile;non
101251;A;ordinateur;non
101252;B;ordinateur;non
101253;A;mobile;non
101254;A;mobile;non
101255;B;tablette;non
101256;B;tablette;non
101257;B;mobile;non
101258;B;ordinateur;non
101259;B;mobile;non
101260;B;mobile;non
101261;A;mobile;non
101262;A;mobile;non
101263;A;mobile;non
101264;A;mobile;non
101265;A;mobile;oui
101266;A;mobile;oui
101267;B;mobile;non
101268;A;mobile;non
101269;B;mobile;non
101270;A;mobile;non
101271;B;mobile;non
101272;A;ordinateur;non
101273;A;ordinateur;non
101274;A;mobile;non
101275;A;ordinateur;non
101276;B;tablette;non
101277;B;ordinateur;non
101278;A;ordinateur;non
101279;A;mobile;non
101280;B;mobile;non
101281;A;ordinateur;non
101282;B;ordinateur;non
101283;A;ordinateur;oui
101284;B;mobile;non
101285;B;ordinateur;non
101286;B;mobile;non
101287;B;mobile;non
101288;B;mobile;non
101289;A;mobile;non
101290;B;mobile;non
101291;A;mobile;non
101292;B;ordinateur;non
101293;B;ordinateur;non
101294;B;mobile;non
101295;A;mobile;non
101296;A;ordinateur;non
101297;A;ordinateur;non
101298;B;ordinateur;non
101299;A;mobile;non
101300;B;mobile;non
101301;B;ordinateur;non
101302;A;mobile;non
101303;A;ordinateur;non
101304;B;ordinateur;non
101305;A;mobile;non
101306;A;ordinateur;non
101307;A;mobile;non
101308;B;ordinateur;non
101309;B;mobile;non
101310;B;mobile;non
101311;B;tablette;non
101312;B;mobile;oui
101313;A;tablette;non
101314;A;tablette;non
101315;A;ordinateur;non
101316;B;tablette;non
101317;A;ordinateur;non
101318;B;mobile;non
101319;A;mobile;non
101320;B;ordinateur;non
101321;B;ordinateur;non
101322;A;ordinateur;non
101323;A;mobile;non
101324;A;ordinateur;non
101325;B;mobile;non
101326;B;ordinateur;non
101327;A;mobile;non
101328;A;mobile;non
101329;A;ordinateur;non
101330;A;ordinateur;non
101331;B;ordinateur;non
101332;B;mobile;non
101333;A;mobile;non
101334;B;mobile;non
101335;A;mobile;non
101336;B;tablette;non
101337;A;mobile;non
101338;B;mobile;non
101339;A;mobile;non
101340;A;tablette;non
101341;B;mobile;non
101342;A;mobile;non
101343;A;mobile;non
101344;A;mobile;non
101345;B;mobile;non
101346;B;mobile;non
101347;B;ordinateur;non
101348;A;mobile;non
101349;A;mobile;non
101350;A;mobile;non
101351;A;ordinateur;non
101352;B;tablette;non
101353;B;tablette;non
101354;B;ordinateur;non
101355;B;ordinateur;non
101356;A;mobile;non
101357;A;mobile;non
101358;A;ordinateur;non
101359;B;ordinateur;non
101360;B;mobile;non
101361;A;ordinateur;non
101362;A;ordinateur;non
101363;A;mobile;non
101364;B;mobile;non
101365;A;mobile;non
101366;A;ordinateur;non
101367;A;mobile;oui
101368;A;mobile;non
101369;B;ordinateur;non
101370;B;ordinateur;non
101371;B;ordinateur;non
101372;A;mobile;non
101373;B;tablette;non
101374;A;ordinateur;non
101375;A;mobile;non
101376;A;mobile;non
101377;A;mobile;non
101378;B;mobile;non
101379;B;mobile;non
101380;B;ordinateur;non
101381;B;mobile;non
101382;A;ordinateur;non
101383;B;mobile;non
101384;A;mobile;non
101385;B;mobile;non
101386;A;mobile;non
101387;A;mobile;non
101388;B;mobile;non
101389;B;ordinateur;non
101390;B;mobile;non
101391;A;mobile;non
101392;A;tablette;non
101393;A;mobile;non
101394;A;mobile;non
101395;A;ordinateur;non
101396;A;mobile;oui
101397;A;ordinateur;non
101398;B;mobile;non
101399;A;ordinateur;non
101400;A;mobile;non
101401;B;mobile;non
101402;A;ordinateur;non
101403;A;ordinateur;non
101404;B;mobile;non
101405;B;ordinateur;non
101406;A;mobile;non
101407;A;mobile;non
101408;A;mobile;non
101409;B;mobile;non
101410;A;ordinateur;oui
101411;A;mobile;non
101412;B;mobile;non
101413;B;ordinateur;non
101414;A;ordinateur;non
101415;A;ordinateur;non
101416;A;ordinateur;non
101417;B;ordinateur;non
101418;A;mobile;non
101419;B;ordinateur;non
101420;B;mobile;non
101421;A;mobile;non
101422;A;mobile;non
101423;B;mobile;non
101424;A;ordinateur;non
101425;A;mobile;non
101426;A;ordinateur;non
101427;A;mobile;non
101428;B;mobile;non
101429;B;mobile;non
101430;B;ordinateur;non
101431;A;mobile;non
101432;B;mobile;non
101433;B;mobile;non
101434;B;mobile;non
101435;B;tablette;non
101436;A;mobile;non
101437;A;mobile;non
101438;A;mobile;non
101439;B;mobile;non
101440;B;ordinateur;non
101441;B;mobile;non
101442;A;mobile;non
101443;B;ordinateur;non
101444;B;mobile;non
101445;A;mobile;non
101446;B;tablette;non
101447;A;ordinateur;non
101448;A;mobile;non
101449;B;tablette;non
101450;B;mobile;non
101451;B;mobile;non
101452;A;mobile;non
101453;A;mobile;non
101454;B;mobile;non
101455;A;mobile;oui
101456;A;mobile;non
101457;B;ordinateur;non
101458;A;mobile;non
101459;A;mobile;non
101460;B;mobile;non
101461;A;ordinateur;non
101462;B;mobile;non
101463;A;mobile;non
101464;B;mobile;non
101465;B;mobile;non
101466;B;mobile;non
101467;A;mobile;non
101468;B;ordinateur;non
101469;B;mobile;non
101470;A;ordinateur;non
101471;B;ordinateur;non
101472;A;mobile;non
101473;B;mobile;non
101474;A;mobile;non
101475;B;mobile;non
101476;B;mobile;non
101477;B;tablette;non
101478;A;tablette;non
101479;B;ordinateur;non
101480;B;ordinateur;non
101481;B;mobile;non
101482;A;tablette;non
101483;A;tablette;non
101484;A;ordinateur;non
101485;B;mobile;non
101486;A;ordinateur;non
101487;B;ordinateur;non
101488;B;tablette;non
101489;A;ordinateur;non
101490;A;ordinateur;non
101491;B;mobile;non
101492;B;mobile;non
101493;A;mobile;non
101494;B;ordinateur;non
101495;A;ordinateur;non
101496;B;ordinateur;non
101497;B;ordinateur;non
101498;B;mobile;non
101499;B;ordinateur;non
101500;B;mobile;non
101501;B;mobile;non
101502;B;ordinateur;non
101503;A;ordinateur;non
101504;A;mobile;non
101505;A;ordinateur;non
101506;A;ordinateur;non
101507;B;tablette;non
101508;B;ordinateur;non
101509;A;ordinateur;non
101510;B;ordinateur;non
101511;B;ordinateur;non
101512;B;ordinateur;non
101513;B;ordinateur;non
101514;B;mobile;non
101515;A;mobile;non
101516;B;mobile;non
101517;A;mobile;non
101518;B;ordinateur;non
101519;A;mobile;non
101520;A;mobile;non
101521;A;mobile;non
101522;A;mobile;non
101523;B;ordinateur;non
101524;A;mobile;non
101525;B;ordinateur;non
101526;B;ordinateur;non
101527;B;ordinateur;oui
101528;B;ordinateur;non
101529;A;mobile;non
101530;A;mobile;non
101531;A;mobile;non
101532;B;mobile;non
101533;A;mobile;non
101534;B;mobile;non
101535;A;mobile;non
101536;B;ordinateur;non
101537;B;ordinateur;non
101538;B;mobile;non
101539;A;ordinateur;non
101540;A;mobile;non
101541;A;mobile;non
101542;A;mobile;non
101543;A;ordinateur;non
101544;B;ordinateur;non
101545;B;tablette;non
101546;A;mobile;non
101547;B;mobile;non
101548;B;ordinateur;non
101549;B;ordinateur;non
101550;B;mobile;non
101551;B;mobile;non
101552;A;mobile;non
101553;A;ordinateur;non
101554;A;mobile;non
101555;B;mobile;non
101556;A;ordinateur;non
101557;A;ordinateur;non
101558;B;ordinateur;non
101559;A;mobile;non
101560;B;mobile;non
101561;B;mobile;non
101562;A;mobile;non
101563;B;tablette;non
101564;A;tablette;non
101565;B;mobile;oui
101566;A;mobile;non
101567;A;mobile;non
101568;A;mobile;non
101569;B;ordinateur;non
101570;B;mobile;non
101571;B;mobile;non
101572;A;mobile;non
101573;A;mobile;non
101574;A;ordinateur;non
101575;B;mobile;non
101576;B;tablette;non
101577;A;ordinateur;non
101578;B;ordinateur;non
101579;A;ordinateur;non
101580;A;mobile;non
101581;A;mobile;non
101582;B;ordinateur;non
101583;A;ordinateur;non
101584;A;ordinateur;non
101585;B;mobile;non
101586;B;ordinateur;non
101587;A;ordinateur;non
101588;A;ordinateur;non
101589;B;mobile;non
101590;A;mobile;non
101591;A;mobile;non
101592;A;mobile;non
101593;A;ordinateur;non
101594;A;tablette;non
101595;B;ordinateur;non
101596;B;mobile;non
101597;A;mobile;non
101598;A;mobile;non
101599;B;tablette;non
101600;B;tablette;non
101601;A;ordinateur;non
101602;A;mobile;non
101603;A;mobile;non
101604;B;mobile;non
101605;B;mobile;non
101606;B;mobile;non
101607;A;mobile;non
101608;B;mobile;non
101609;A;mobile;non
101610;B;mobile;non
101611;B;mobile;non
101612;B;ordinateur;non
101613;B;tablette;non
101614;A;ordinateur;non
101615;A;ordinateur;non
101616;B;ordinateur;non
101617;B;ordinateur;non
101618;A;mobile;non
101619;B;mobile;non
101620;A;ordinateur;non
101621;B;mobile;non
101622;A;mobile;non
101623;A;tablette;non
101624;B;ordinateur;non
101625;B;ordinateur;non
101626;A;ordinateur;oui
101627;B;mobile;non
101628;A;mobile;non
101629;A;mobile;non
101630;B;ordinateur;non
101631;B;ordinateur;non
101632;A;mobile;non
101633;A;mobile;non
101634;B;ordinateur;non
101635;A;mobile;non
101636;B;ordinateur;non
101637;A;mobile;non
101638;B;tablette;non
101639;A;mobile;non
101640;B;ordinateur;non
101641;A;ordinateur;non
101642;A;ordinateur;non
101643;B;tablette;non
101644;A;ordinateur;non
101645;A;mobile;non
101646;B;ordinateur;oui
101647;A;mobile;oui
101648;A;ordinateur;non
101649;A;tablette;non
101650;A;mobile;non
101651;B;ordinateur;non
101652;A;ordinateur;non
101653;A;mobile;non
101654;A;ordinateur;non
101655;B;tablette;non
101656;B;mobile;non
101657;A;mobile;non
101658;B;mobile;non
101659;A;mobile;non
101660;A;tablette;non
101661;A;ordinateur;non
101662;A;mobile;non
101663;A;mobile;non
101664;B;ordinateur;non
101665;B;mobile;non
101666;B;ordinateur;non
101667;B;mobile;non
101668;B;mobile;non
101669;B;mobile;non
101670;B;mobile;non
101671;A;mobile;non
101672;A;mobile;non
101673;A;mobile;non
101674;B;ordinateur;non
101675;B;tablette;non
101676;B;ordinateur;non
101677;A;ordinateur;non
101678;A;mobile;non
101679;A;mobile;non
101680;A;mobile;non
101681;B;mobile;non
101682;A;ordinateur;non
101683;A;ordinateur;non
101684;B;mobile;non
101685;A;mobile;non
101686;A;mobile;non
101687;B;mobile;non
101688;B;ordinateur;non
101689;B;ordinateur;non
101690;A;mobile;non
101691;A;mobile;non
101692;A;ordinateur;non
101693;A;mobile;oui
101694;A;ordinateur;non
101695;B;mobile;non
101696;B;mobile;non
101697;B;mobile;non
101698;B;mobile;non
101699;B;ordinateur;non
101700;B;ordinateur;non
101701;B;mobile;non
101702;B;mobile;non
101703;B;ordinateur;non
101704;A;tablette;oui
101705;B;mobile;non
101706;A;mobile;non
101707;A;mobile;non
101708;A;mobile;oui
101709;B;ordinateur;non
101710;B;mobile;non
101711;B;mobile;non
101712;A;mobile;non
101713;B;mobile;non
101714;A;mobile;non
101715;A;ordinateur;non
101716;A;mobile;non
101717;A;ordinateur;non
101718;B;mobile;non
101719;B;mobile;non
101720;B;mobile;non
101721;B;ordinateur;non
101722;B;tablette;non
101723;A;ordinateur;non
101724;A;mobile;non
101725;A;ordinateur;non
101726;B;mobile;non
101727;A;mobile;non
101728;A;mobile;non
101729;A;ordinateur;non
101730;B;mobile;non
101731;B;ordinateur;non
101732;B;mobile;non
101733;B;mobile;non
101734;B;ordinateur;non
101735;B;mobile;non
101736;B;mobile;non
101737;B;mobile;non
101738;A;tablette;non
101739;A;mobile;non
101740;B;ordinateur;non
101741;B;mobile;non
101742;A;mobile;non
101743;B;ordinateur;non
101744;B;mobile;non
101745;A;ordinateur;non
101746;B;ordinateur;non
101747;A;mobile;non
101748;A;mobile;non
101749;A;tablette;non
101750;B;ordinateur;non
101751;A;mobile;non
101752;A;mobile;non
101753;B;ordinateur;non
101754;B;tablette;non
101755;B;mobile;non
101756;A;ordinateur;non
101757;B;mobile;non
101758;A;mobile;non
101759;A;ordinateur;non
101760;A;mobile;non
101761;B;mobile;non
101762;B;ordinateur;non
101763;A;ordinateur;non
101764;B;ordinateur;non
101765;A;mobile;non
101766;B;mobile;non
101767;A;ordinateur;non
101768;B;mobile;non
101769;A;mobile;non
101770;A;ordinateur;non
101771;A;mobile;non
101772;B;mobile;non
101773;B;ordinateur;non
101774;B;ordinateur;non
101775;B;ordinateur;non
101776;A;ordinateur;non
101777;A;mobile;non
101778;B;mobile;non
101779;B;ordinateur;non
101780;A;ordinateur;non
101781;A;mobile;non
101782;B;tablette;non
101783;A;mobile;non
101784;A;mobile;non
101785;A;mobile;non
101786;B;ordinateur;non
101787;A;mobile;non
101788;A;mobile;non
101789;A;mobile;non
101790;A;ordinateur;non
101791;B;tablette;non
101792;A;ordinateur;non
101793;A;ordinateur;non
101794;B;mobile;non
101795;A;mobile;non
101796;B;mobile;non
101797;B;mobile;oui
101798;A;mobile;non
101799;A;ordinateur;non
101800;B;mobile;non
101801;B;ordinateur;non
101802;A;ordinateur;non
101803;A;mobile;non
101804;B;tablette;non
101805;A;ordinateur;non
101806;B;mobile;non
101807;B;mobile;non
101808;A;mobile;non
101809;B;mobile;non
101810;A;ordinateur;non
101811;B;ordinateur;non
101812;A;mobile;non
101813;A;mobile;non
101814;B;ordinateur;non
101815;B;mobile;non
101816;A;ordinateur;non
101817;A;mobile;non
101818;A;mobile;non
101819;A;mobile;non
101820;A;ordinateur;non
101821;B;mobile;non
101822;B;ordinateur;non
101823;A;tablette;non
101824;A;ordinateur;non
101825;B;mobile;non
101826;B;mobile;non
101827;A;mobile;non
101828;B;ordinateur;oui
101829;B;mobile;non
101830;A;mobile;non
101831;B;ordinateur;non
101832;A;mobile;non
101833;B;mobile;non
101834;A;ordinateur;non
101835;A;mobile;non
101836;B;mobile;non
101837;A;mobile;non
101838;B;mobile;non
101839;A;mobile;non
101840;B;ordinateur;non
101841;A;mobile;non
101842;A;mobile;non
101843;A;ordinateur;non
101844;A;ordinateur;non
101845;A;ordinateur;non
101846;A;mobile;non
101847;B;ordinateur;non
101848;B;mobile;non
101849;A;ordinateur;non
101850;A;mobile;non
101851;B;mobile;non
101852;B;mobile;non
101853;A;ordinateur;non
101854;B;mobile;non
101855;B;mobile;non
101856;A;ordinateur;non
101857;B;mobile;non
101858;B;mobile;non
101859;A;mobile;non
101860;B;ordinateur;non
101861;A;ordinateur;non
101862;A;mobile;non
101863;B;mobile;oui
101864;B;ordinateur;non
101865;B;mobile;non
101866;A;mobile;non
101867;B;mobile;non
101868;A;ordinateur;non
101869;B;ordinateur;non
101870;A;ordinateur;non
101871;B;ordinateur;non
101872;A;mobile;non
101873;B;mobile;non
101874;B;mobile;non
101875;B;tablette;non
101876;B;mobile;non
101877;A;ordinateur;non
101878;A;tablette;non
101879;B;mobile;non
101880;A;ordinateur;non
101881;A;mobile;non
101882;B;ordinateur;non
101883;A;ordinateur;non
101884;A;ordinateur;non
101885;A;mobile;non
101886;B;mobile;non
101887;A;mobile;non
101888;A;ordinateur;non
101889;B;mobile;non
101890;A;mobile;non
101891;B;ordinateur;non
101892;B;ordinateur;non
101893;B;mobile;oui
101894;A;ordinateur;non
101895;B;ordinateur;non
101896;A;mobile;non
101897;B;mobile;non
101898;A;mobile;non
101899;B;ordinateur;non
101900;A;mobile;non
101901;A;mobile;non
101902;B;mobile;non
101903;B;mobile;non
101904;B;ordinateur;non
101905;B;mobile;non
101906;A;mobile;non
101907;A;ordinateur;non
101908;A;ordinateur;non
101909;B;tablette;non
101910;B;mobile;non
101911;A;tablette;non
101912;A;ordinateur;non
101913;B;ordinateur;non
101914;A;ordinateur;non
101915;A;mobile;non
101916;B;mobile;oui
101917;B;mobile;non
101918;A;ordinateur;non
101919;B;tablette;non
101920;B;tablette;non
101921;B;mobile;non
101922;A;mobile;non
101923;B;mobile;non
101924;B;mobile;non
101925;A;ordinateur;non
101926;B;mobile;non
101927;A;ordinateur;non
101928;A;mobile;non
101929;B;mobile;non
101930;B;ordinateur;non
101931;B;mobile;non
101932;B;ordinateur;non
101933;B;mobile;non
101934;A;mobile;non
101935;A;mobile;non
101936;A;ordinateur;non
101937;A;tablette;non
101938;A;mobile;non
101939;A;mobile;non
101940;B;mobile;non
101941;A;ordinateur;non
101942;A;ordinateur;non
101943;B;ordinateur;non
101944;B;mobile;non
101945;B;mobile;non
101946;B;mobile;non
101947;B;mobile;non
101948;B;ordinateur;non
101949;B;mobile;non
101950;A;mobile;non
101951;A;ordinateur;non
101952;B;mobile;non
101953;B;mobile;non
101954;B;tablette;non
101955;B;mobile;non
101956;B;tablette;non
101957;B;ordinateur;non
101958;A;ordinateur;non
101959;B;mobile;non
101960;B;mobile;non
101961;B;mobile;non
101962;B;ordinateur;non
101963;A;ordinateur;non
101964;A;mobile;non
101965;A;mobile;non
101966;A;mobile;non
101967;B;mobile;non
101968;A;ordinateur;non
101969;A;mobile;non
101970;A;mobile;non
101971;B;mobile;non
101972;A;mobile;non
101973;A;ordinateur;non
101974;B;mobile;non
101975;A;ordinateur;oui
101976;A;ordinateur;non
101977;B;ordinateur;non
101978;B;mobile;non
101979;B;ordinateur;oui
101980;A;ordinateur;non
101981;A;ordinateur;non
101982;A;ordinateur;non
101983;B;mobile;non
101984;A;ordinateur;non
101985;B;ordinateur;non
101986;B;tablette;non
101987;A;ordinateur;non
101988;A;mobile;non
101989;B;ordinateur;non
101990;B;ordinateur;non
101991;A;mobile;non
101992;A;mobile;non
101993;B;ordinateur;non
101994;A;mobile;non
101995;A;mobile;non
101996;B;ordinateur;non
101997;B;mobile;non
101998;B;ordinateur;non
101999;B;ordinateur;non
102000;A;mobile;non
102001;A;ordinateur;non
102002;A;ordinateur;non
102003;A;tablette;non
102004;B;mobile;non
102005;A;mobile;non
102006;A;mobile;non
102007;A;mobile;non
102008;B;ordinateur;non
102009;B;mobile;non
102010;B;ordinateur;non
102011;A;mobile;non
102012;A;mobile;non
102013;B;mobile;non
102014;B;tablette;non
102015;A;mobile;non
102016;B;mobile;non
102017;A;mobile;non
102018;B;mobile;non
102019;B;ordinateur;non
102020;A;mobile;non
102021;B;ordinateur;non
102022;A;ordinateur;non
102023;A;mobile;non
102024;B;mobile;non
102025;B;ordinateur;non
102026;B;mobile;non
102027;B;mobile;non
102028;B;mobile;non
102029;A;tablette;non
102030;A;mobile;non
102031;B;mobile;non
102032;B;mobile;non
102033;A;ordinateur;non
102034;B;mobile;non
102035;A;ordinateur;non
102036;A;mobile;non
102037;A;ordinateur;non
102038;A;mobile;non
102039;B;ordinateur;non
102040;A;tablette;non
102041;A;ordinateur;non
102042;B;mobile;oui
102043;B;mobile;non
102044;A;mobile;non
102045;B;mobile;non
102046;A;mobile;non
102047;A;mobile;non
102048;A;ordinateur;non
102049;A;mobile;non
102050;A;mobile;oui
102051;B;mobile;non
102052;B;mobile;non
102053;A;tablette;non
102054;A;mobile;oui
102055;A;mobile;non
102056;B;ordinateur;non
102057;B;mobile;non
102058;B;ordinateur;non
102059;B;ordinateur;non
102060;B;mobile;non
102061;B;mobile;non
102062;A;ordinateur;non
102063;B;ordinateur;non
102064;A;mobile;non
102065;B;ordinateur;non
102066;A;mobile;non
102067;B;mobile;non
102068;B;mobile;non
102069;B;mobile;non
102070;B;mobile;oui
102071;A;mobile;non
102072;B;mobile;non
102073;A;mobile;non
102074;A;mobile;non
102075;A;mobile;non
102076;A;ordinateur;oui
102077;A;ordinateur;non
102078;B;mobile;non
102079;A;ordinateur;non
102080;A;ordinateur;non
102081;A;mobile;non
102082;A;mobile;non
102083;A;mobile;non
102084;B;tablette;non
102085;A;mobile;non
102086;B;tablette;non
102087;A;mobile;non
102088;A;ordinateur;non
102089;A;tablette;non
102090;B;mobile;oui
102091;A;mobile;non
102092;A;mobile;non
102093;A;mobile;non
102094;B;mobile;non
102095;A;mobile;non
102096;B;mobile;non
102097;A;mobile;non
102098;B;ordinateur;non
102099;B;mobile;non
102100;B;mobile;non
102101;A;mobile;non
102102;A;tablette;non
102103;B;mobile;non
102104;A;ordinateur;non
102105;A;tablette;non
102106;A;mobile;non
102107;B;mobile;non
102108;A;mobile;non
102109;B;mobile;non
102110;B;mobile;non
102111;A;mobile;non
102112;B;tablette;non
102113;B;mobile;non
102114;A;ordinateur;non
102115;A;ordinateur;non
102116;A;ordinateur;non
102117;A;mobile;non
102118;B;ordinateur;non
102119;A;mobile;non
102120;B;ordinateur;non
102121;A;mobile;non
102122;B;tablette;non
102123;A;ordinateur;non
102124;B;ordinateur;non
102125;A;ordinateur;non
102126;A;mobile;non
102127;A;mobile;non
102128;B;mobile;non
102129;A;ordinateur;non
102130;B;ordinateur;non
102131;B;mobile;non
102132;A;mobile;non
102133;A;ordinateur;non
102134;A;mobile;non
102135;A;mobile;non
102136;B;ordinateur;non
102137;A;mobile;non
102138;B;ordinateur;non
102139;A;ordinateur;non
102140;B;mobile;non
102141;A;mobile;non
102142;A;tablette;non
102143;B;ordinateur;oui
102144;A;mobile;non
102145;A;mobile;non
102146;A;mobile;non
102147;A;mobile;non
102148;B;mobile;non
102149;B;ordinateur;non
102150;A;mobile;non
102151;B;ordinateur;non
102152;A;ordinateur;non
102153;B;ordinateur;non
102154;A;tablette;non
102155;A;ordinateur;non
102156;A;mobile;non
102157;A;mobile;non
102158;B;mobile;non
102159;A;mobile;non
102160;A;mobile;non
102161;B;ordinateur;non
102162;B;ordinateur;non
102163;B;mobile;non
102164;B;mobile;non
102165;B;ordinateur;non
102166;A;ordinateur;non
102167;A;tablette;non
102168;A;mobile;non
102169;B;ordinateur;non
102170;B;ordinateur;non
102171;B;ordinateur;non
102172;A;mobile;non
102173;B;ordinateur;non
102174;A;mobile;non
102175;A;mobile;non
102176;B;tablette;non
102177;B;mobile;non
102178;B;mobile;non
102179;B;mobile;non
102180;B;mobile;non
102181;B;mobile;non
102182;B;ordinateur;non
102183;A;ordinateur;non
102184;A;ordinateur;non
102185;B;ordinateur;non
102186;B;tablette;non
102187;B;ordinateur;non
102188;A;ordinateur;non
102189;A;tablette;non
102190;A;mobile;non
102191;B;mobile;non
102192;A;mobile;non
102193;B;mobile;non
102194;B;mobile;non
102195;B;mobile;non
102196;A;tablette;oui
102197;B;mobile;non
102198;A;ordinateur;non
102199;A;ordinateur;non
102200;B;mobile;non
102201;B;mobile;non
102202;A;mobile;non
102203;B;mobile;non
102204;B;tablette;non
102205;A;mobile;non
102206;A;ordinateur;non
102207;A;mobile;non
102208;B;mobile;non
102209;A;mobile;non
102210;B;mobile;non
102211;B;mobile;non
102212;B;mobile;non
102213;B;mobile;non
102214;A;mobile;non
102215;B;ordinateur;non
102216;A;tablette;non
102217;B;mobile;non
102218;A;mobile;non
102219;A;mobile;non
102220;A;tablette;non
102221;A;ordinateur;non
102222;B;mobile;non
102223;B;mobile;non
102224;B;mobile;non
102225;A;mobile;non
102226;B;ordinateur;non
102227;B;ordinateur;non
102228;B;ordinateur;non
102229;A;mobile;non
102230;A;mobile;non
102231;B;mobile;non
102232;B;mobile;non
102233;A;tablette;non
102234;B;mobile;oui
102235;B;ordinateur;non
102236;A;tablette;non
102237;A;mobile;non
102238;B;ordinateur;non
102239;B;ordinateur;non
102240;B;ordinateur;non
102241;B;ordinateur;non
102242;B;mobile;non
102243;B;mobile;non
102244;B;mobile;non
102245;A;ordinateur;non
102246;B;tablette;non
102247;A;mobile;non
102248;A;tablette;non
102249;A;mobile;non
102250;A;mobile;non
102251;A;mobile;non
102252;A;mobile;non
102253;B;ordinateur;non
102254;B;mobile;oui
102255;B;mobile;non
102256;A;mobile;non
102257;B;mobile;non
102258;A;ordinateur;non
102259;B;mobile;non
102260;B;ordinateur;non
102261;B;mobile;non
102262;A;mobile;non
102263;A;mobile;non
102264;B;tablette;non
102265;B;ordinateur;non
102266;B;ordinateur;non
102267;A;mobile;non
102268;B;mobile;non
102269;A;ordinateur;non
102270;A;mobile;non
102271;B;ordinateur;non
102272;B;mobile;non
102273;B;mobile;oui
102274;A;mobile;non
102275;A;ordinateur;non
102276;A;ordinateur;non
102277;A;mobile;non
102278;A;ordinateur;oui
102279;B;mobile;non
102280;A;mobile;oui
102281;A;ordinateur;non
102282;B;mobile;non
102283;A;mobile;non
102284;B;ordinateur;non
102285;A;mobile;non
102286;B;mobile;non
102287;B;ordinateur;non
102288;B;mobile;oui
102289;A;ordinateur;non
102290;B;ordinateur;non
102291;B;mobile;non
102292;A;mobile;non
102293;B;ordinateur;non
102294;B;mobile;non
102295;B;mobile;non
102296;B;mobile;non
102297;B;mobile;non
102298;B;ordinateur;non
102299;B;mobile;non
102300;B;ordinateur;non
102301;B;mobile;non
102302;B;mobile;non
102303;A;ordinateur;non
102304;A;mobile;oui
102305;B;ordinateur;non
102306;B;mobile;non
102307;A;mobile;non
102308;B;mobile;non
102309;A;mobile;non
102310;A;ordinateur;non
102311;A;ordinateur;non
102312;B;mobile;non
102313;A;ordinateur;non
102314;B;ordinateur;non
102315;A;ordinateur;non
102316;A;ordinateur;non
102317;A;mobile;non
102318;B;mobile;non
102319;B;mobile;non
102320;B;mobile;non
102321;B;mobile;non
102322;A;mobile;non
102323;B;ordinateur;non
102324;B;mobile;non
102325;A;ordinateur;non
102326;A;tablette;non
102327;A;ordinateur;non
102328;B;mobile;non
102329;B;tablette;non
102330;B;ordinateur;non
102331;A;ordinateur;non
102332;B;mobile;non
102333;A;ordinateur;non
102334;A;mobile;non
102335;B;ordinateur;non
102336;A;mobile;non
102337;B;ordinateur;non
102338;B;mobile;non
102339;B;mobile;non
102340;A;mobile;non
102341;A;mobile;non
102342;A;ordinateur;non
102343;B;ordinateur;non
102344;A;mobile;non
102345;B;mobile;non
102346;B;ordinateur;non
102347;A;ordinateur;non
102348;A;tablette;non
102349;A;ordinateur;non
102350;A;ordinateur;non
102351;B;ordinateur;non
102352;A;mobile;non
102353;A;ordinateur;non
102354;A;mobile;non
102355;A;mobile;non
102356;A;ordinateur;non
102357;B;mobile;non
102358;A;ordinateur;non
102359;A;mobile;non
102360;B;ordinateur;non
102361;B;mobile;non
102362;A;mobile;non
102363;A;ordinateur;non
102364;B;tablette;non
102365;A;ordinateur;non
102366;B;ordinateur;non
102367;B;ordinateur;non
102368;B;mobile;non
102369;B;mobile;non
102370;A;mobile;non
102371;B;mobile;non
102372;A;mobile;non
102373;B;mobile;non
102374;A;ordinateur;non
102375;B;mobile;non
102376;B;mobile;non
102377;A;mobile;non
102378;A;tablette;non
102379;A;ordinateur;non
102380;B;ordinateur;non
102381;B;ordinateur;non
102382;A;mobile;non
102383;A;ordinateur;non
102384;B;ordinateur;non
102385;A;mobile;non
102386;B;tablette;non
102387;B;mobile;non
102388;B;ordinateur;non
102389;B;ordinateur;non
102390;B;mobile;non
102391;B;ordinateur;non
102392;B;mobile;non
102393;B;mobile;non
102394;B;mobile;non
102395;A;mobile;non
102396;A;ordinateur;non
102397;B;mobile;non
102398;A;mobile;non
102399;B;ordinateur;non
102400;A;ordinateur;non
102401;A;mobile;non
102402;B;mobile;non
102403;B;ordinateur;non
102404;A;ordinateur;non
102405;A;ordinateur;non
102406;A;mobile;non
102407;B;mobile;non
102408;A;mobile;non
102409;B;mobile;non
102410;B;ordinateur;non
102411;A;mobile;non
102412;B;mobile;non
102413;A;ordinateur;non
102414;B;tablette;non
102415;A;mobile;non
102416;A;ordinateur;non
102417;B;ordinateur;non
102418;B;mobile;non
102419;B;mobile;non
102420;A;ordinateur;non
102421;A;mobile;non
102422;A;mobile;non
102423;B;mobile;non
102424;B;ordinateur;oui
102425;B;mobile;non
102426;A;mobile;non
102427;A;mobile;non
102428;A;ordinateur;non
102429;B;ordinateur;non
102430;B;mobile;non
102431;B;ordinateur;non
102432;B;mobile;non
102433;B;mobile;non
102434;A;mobile;non
102435;A;ordinateur;non
102436;A;tablette;non
102437;B;mobile;non
102438;A;ordinateur;non
102439;B;ordinateur;non
102440;B;mobile;non
102441;A;mobile;non
102442;B;mobile;non
102443;B;mobile;non
102444;A;ordinateur;non
102445;B;mobile;non
102446;A;ordinateur;non
102447;B;ordinateur;non
102448;B;mobile;non
102449;B;mobile;non
102450;B;ordinateur;non
102451;A;mobile;non
102452;A;ordinateur;non
102453;B;mobile;non
102454;B;tablette;non
102455;A;ordinateur;non
102456;B;ordinateur;non
102457;B;mobile;non
102458;B;mobile;oui
102459;B;tablette;non
102460;A;mobile;non
102461;A;ordinateur;non
102462;A;mobile;non
102463;B;mobile;non
102464;A;mobile;non
102465;B;ordinateur;non
102466;B;ordinateur;non
102467;A;mobile;non
102468;A;mobile;non
102469;A;mobile;non
102470;B;mobile;oui
102471;B;mobile;non
102472;B;mobile;non
102473;B;ordinateur;non
102474;A;mobile;non
102475;A;mobile;non
102476;B;ordinateur;non
102477;A;ordinateur;oui
102478;A;ordinateur;non
102479;A;ordinateur;non
102480;A;mobile;non
102481;A;mobile;non
102482;A;ordinateur;non
102483;B;mobile;non
102484;B;ordinateur;non
102485;A;mobile;non
102486;B;mobile;non
102487;A;ordinateur;non
102488;A;mobile;non
102489;B;ordinateur;non
102490;B;ordinateur;non
102491;A;tablette;non
102492;B;mobile;non
102493;A;ordinateur;non
102494;B;mobile;non
102495;A;mobile;non
102496;A;mobile;non
102497;B;mobile;non
102498;A;ordinateur;non
102499;A;mobile;non
102500;A;mobile;non
102501;A;mobile;non
102502;A;ordinateur;non
102503;B;mobile;non
102504;A;mobile;non
102505;A;mobile;non
102506;B;mobile;non
102507;B;ordinateur;non
102508;B;tablette;non
102509;B;mobile;non
102510;B;mobile;non
102511;A;mobile;non
102512;B;mobile;non
102513;B;ordinateur;non
102514;A;mobile;non
102515;A;ordinateur;non
102516;B;mobile;non
102517;A;mobile;non
102518;A;mobile;non
102519;B;ordinateur;non
102520;B;mobile;non
102521;A;mobile;non
102522;A;mobile;non
102523;A;ordinateur;non
102524;B;mobile;non
102525;B;mobile;non
102526;A;mobile;non
102527;B;mobile;non
102528;A;mobile;non
102529;A;mobile;non
102530;B;tablette;non
102531;A;ordinateur;non
102532;A;ordinateur;oui
102533;B;mobile;non
102534;A;tablette;non
102535;B;mobile;non
102536;B;tablette;non
102537;B;mobile;non
102538;A;mobile;non
102539;A;ordinateur;non
102540;B;mobile;non
102541;B;ordinateur;non
102542;A;mobile;non
102543;B;mobile;non
102544;A;mobile;non
102545;B;mobile;non
102546;A;mobile;non
102547;A;ordinateur;non
102548;B;ordinateur;non
102549;A;mobile;non
102550;A;mobile;non
102551;A;mobile;non
102552;A;mobile;non
102553;B;mobile;non
102554;B;ordinateur;oui
102555;A;mobile;non
102556;B;tablette;non
102557;B;tablette;non
102558;B;mobile;non
102559;B;tablette;non
102560;B;mobile;non
102561;A;ordinateur;non
102562;B;mobile;non
102563;A;mobile;non
102564;A;ordinateur;non
102565;B;ordinateur;non
102566;A;mobile;non
102567;A;ordinateur;non
102568;A;tablette;non
102569;B;ordinateur;non
102570;A;mobile;non
102571;B;ordinateur;non
102572;A;mobile;oui
102573;B;mobile;non
102574;A;mobile;non
102575;B;ordinateur;non
102576;B;mobile;oui
102577;B;mobile;non
102578;A;mobile;non
102579;A;ordinateur;non
102580;A;mobile;non
102581;A;ordinateur;non
102582;A;ordinateur;non
102583;B;ordinateur;non
102584;A;mobile;non
102585;A;mobile;non
102586;B;mobile;non
102587;B;ordinateur;non
102588;B;mobile;non
102589;B;mobile;non
102590;B;tablette;non
102591;A;mobile;non
102592;A;ordinateur;non
102593;A;ordinateur;non
102594;B;mobile;non
102595;B;mobile;non
102596;A;ordinateur;non
102597;A;mobile;non
102598;B;ordinateur;non
102599;A;mobile;non
102600;B;ordinateur;non
102601;A;ordinateur;non
102602;B;mobile;non
102603;B;ordinateur;non
102604;A;ordinateur;non
102605;A;ordinateur;non
102606;B;ordinateur;non
102607;A;mobile;non
102608;B;mobile;non
102609;B;mobile;non
102610;B;ordinateur;non
102611;B;mobile;non
102612;A;mobile;non
102613;B;mobile;oui
102614;A;mobile;non
102615;A;ordinateur;non
102616;A;tablette;non
102617;B;ordinateur;non
102618;B;mobile;non
102619;A;ordinateur;non
102620;A;mobile;non
102621;B;mobile;non
102622;A;ordinateur;non
102623;A;mobile;non
102624;B;mobile;non
102625;B;mobile;non
102626;B;ordinateur;non
102627;B;mobile;non
102628;A;mobile;non
102629;B;ordinateur;non
102630;A;mobile;non
102631;A;mobile;non
102632;B;mobile;non
102633;B;ordinateur;non
102634;B;ordinateur;non
102635;B;mobile;oui
102636;A;mobile;non
102637;A;mobile;non
102638;B;mobile;non
102639;B;ordinateur;non
102640;B;mobile;non
102641;B;mobile;non
102642;A;mobile;non
102643;A;ordinateur;non
102644;A;ordinateur;non
102645;A;ordinateur;non
102646;B;mobile;non
102647;B;ordinateur;non
102648;A;ordinateur;non
102649;B;ordinateur;non
102650;A;mobile;non
102651;B;mobile;non
102652;A;tablette;non
102653;A;ordinateur;non
102654;A;mobile;non
102655;B;mobile;non
102656;A;ordinateur;non
102657;A;ordinateur;non
102658;B;mobile;non
102659;A;mobile;non
102660;B;mobile;non
102661;B;ordinateur;non
102662;B;ordinateur;non
102663;B;mobile;non
102664;A;ordinateur;non
102665;B;tablette;non
102666;B;mobile;non
102667;A;ordinateur;non
102668;A;mobile;non
102669;B;mobile;non
102670;A;mobile;non
102671;A;ordinateur;non
102672;B;mobile;non
102673;B;mobile;oui
102674;A;mobile;non
102675;B;tablette;non
102676;B;mobile;non
102677;B;mobile;non
102678;B;ordinateur;non
102679;B;mobile;non
102680;A;ordinateur;non
102681;A;mobile;non
102682;B;tablette;non
102683;A;ordinateur;non
102684;B;ordinateur;non
102685;B;mobile;non
102686;B;ordinateur;non
102687;B;mobile;non
102688;A;tablette;oui
102689;A;ordinateur;non
102690;A;mobile;non
102691;A;mobile;non
102692;A;tablette;non
102693;A;mobile;non
102694;B;mobile;non
102695;B;ordinateur;non
102696;A;mobile;non
102697;A;mobile;non
102698;B;mobile;non
102699;A;mobile;non
102700;A;ordinateur;non
102701;A;ordinateur;non
102702;A;mobile;oui
102703;A;mobile;non
102704;A;ordinateur;non
102705;B;mobile;non
102706;B;mobile;non
102707;A;ordinateur;non
102708;B;mobile;non
102709;A;mobile;non
102710;B;ordinateur;non
102711;B;mobile;non
102712;B;mobile;non
102713;B;mobile;non
102714;A;mobile;non
102715;A;mobile;non
102716;A;ordinateur;non
102717;A;mobile;non
102718;A;mobile;non
102719;B;ordinateur;non
102720;A;mobile;non
102721;B;ordinateur;non
102722;A;ordinateur;non
102723;B;mobile;non
102724;A;mobile;non
102725;A;mobile;non
102726;A;mobile;non
102727;A;mobile;non
102728;B;mobile;non
102729;A;mobile;non
102730;B;mobile;non
102731;B;ordinateur;non
102732;B;mobile;non
102733;B;mobile;non
102734;A;ordinateur;non
102735;A;ordinateur;non
102736;A;mobile;non
102737;B;mobile;non
102738;A;mobile;non
102739;B;tablette;non
102740;A;mobile;non
102741;B;mobile;non
102742;B;tablette;oui
102743;A;tablette;non
102744;B;mobile;oui
102745;B;mobile;non
102746;A;mobile;non
102747;A;ordinateur;non
102748;A;ordinateur;non
102749;B;ordinateur;non
102750;B;ordinateur;oui
102751;B;mobile;non
102752;A;ordinateur;non
102753;B;tablette;non
102754;A;mobile;non
102755;B;ordinateur;oui
102756;A;mobile;non
102757;B;mobile;non
102758;B;mobile;non
102759;A;mobile;non
102760;B;mobile;non
102761;B;ordinateur;non
102762;B;mobile;non
102763;A;ordinateur;non
102764;B;ordinateur;non
102765;A;ordinateur;non
102766;A;mobile;non
102767;B;mobile;non
102768;B;ordinateur;non
102769;B;mobile;non
102770;B;mobile;non
102771;B;mobile;non
102772;A;mobile;non
102773;A;ordinateur;non
102774;A;mobile;non
102775;A;mobile;non
102776;A;mobile;non
102777;A;mobile;non
102778;B;ordinateur;oui
102779;A;ordinateur;non
102780;B;mobile;oui
102781;A;mobile;oui
102782;B;ordinateur;non
102783;B;mobile;non
102784;A;mobile;non
102785;B;ordinateur;non
102786;B;mobile;non
102787;A;mobile;non
102788;A;ordinateur;non
102789;A;mobile;non
102790;B;mobile;non
102791;B;mobile;non
102792;B;mobile;non
102793;A;ordinateur;non
102794;B;mobile;non
102795;B;ordinateur;non
102796;A;ordinateur;non
102797;B;ordinateur;non
102798;A;mobile;non
102799;A;ordinateur;non
102800;A;ordinateur;non
102801;B;mobile;non
102802;A;ordinateur;non
102803;B;ordinateur;non
102804;B;mobile;non
102805;A;mobile;non
102806;A;mobile;non
102807;A;mobile;non
102808;B;mobile;oui
102809;A;ordinateur;non
102810;A;mobile;non
102811;B;mobile;non
102812;B;ordinateur;non
102813;B;mobile;non
102814;B;ordinateur;non
102815;A;mobile;non
102816;B;mobile;non
102817;B;mobile;non
102818;A;mobile;non
102819;B;mobile;non
102820;A;mobile;non
102821;A;mobile;non
102822;B;mobile;non
102823;B;mobile;non
102824;B;mobile;non
102825;B;ordinateur;non
102826;B;mobile;non
102827;B;ordinateur;non
102828;B;ordinateur;non
102829;A;mobile;non
102830;B;mobile;non
102831;B;mobile;non
102832;A;mobile;non
102833;A;mobile;non
102834;A;mobile;non
102835;A;mobile;non
102836;B;mobile;non
102837;B;mobile;non
102838;A;mobile;non
102839;A;ordinateur;non
102840;B;ordinateur;non
102841;B;mobile;oui
102842;A;mobile;non
102843;A;mobile;non
102844;A;mobile;non
102845;A;mobile;non
102846;A;mobile;non
102847;A;mobile;non
102848;B;tablette;non
102849;B;ordinateur;non
102850;B;ordinateur;non
102851;A;mobile;oui
102852;B;mobile;non
102853;B;mobile;non
102854;A;ordinateur;non
102855;A;tablette;non
102856;B;mobile;non
102857;B;ordinateur;non
102858;B;ordinateur;non
102859;B;mobile;non
102860;A;mobile;non
102861;B;mobile;non
102862;B;mobile;non
102863;B;ordinateur;non
102864;B;mobile;non
102865;B;mobile;non
102866;A;mobile;non
102867;A;mobile;non
102868;B;ordinateur;non
102869;B;ordinateur;non
102870;A;mobile;non
102871;B;mobile;non
102872;B;ordinateur;non
102873;B;ordinateur;non
102874;B;ordinateur;non
102875;B;mobile;non
102876;B;ordinateur;non
102877;A;mobile;non
102878;A;mobile;non
102879;B;ordinateur;non
102880;B;mobile;non
102881;A;mobile;non
102882;A;mobile;non
102883;A;mobile;non
102884;A;mobile;non
102885;B;mobile;non
102886;B;mobile;non
102887;B;mobile;non
102888;A;tablette;non
102889;B;tablette;non
102890;B;mobile;non
102891;A;ordinateur;non
102892;A;mobile;non
102893;B;ordinateur;non
102894;A;mobile;non
102895;B;mobile;non
102896;B;mobile;non
102897;A;mobile;non
102898;A;mobile;non
102899;B;mobile;non
102900;A;ordinateur;non
102901;A;mobile;non
102902;B;tablette;non
102903;A;ordinateur;non
102904;B;mobile;non
102905;B;mobile;non
102906;B;ordinateur;non
102907;A;mobile;non
102908;B;ordinateur;non
102909;A;ordinateur;non
102910;A;mobile;non
102911;B;mobile;non
102912;B;ordinateur;non
102913;A;mobile;non
102914;A;mobile;non
102915;A;ordinateur;non
102916;A;tablette;non
102917;A;ordinateur;non
102918;A;mobile;non
102919;A;mobile;non
102920;B;ordinateur;non
102921;B;mobile;non
102922;B;mobile;non
102923;B;mobile;non
102924;B;mobile;non
102925;A;ordinateur;non
102926;A;mobile;non
102927;A;mobile;non
102928;B;mobile;non
102929;A;mobile;non
102930;B;ordinateur;non
102931;A;ordinateur;non
102932;B;mobile;non
102933;B;ordinateur;non
102934;B;mobile;non
102935;A;tablette;non
102936;A;tablette;non
102937;A;mobile;non
102938;B;mobile;non
102939;B;mobile;non
102940;A;mobile;non
102941;A;mobile;non
102942;A;ordinateur;non
102943;B;mobile;non
102944;A;ordinateur;non
102945;B;tablette;non
102946;B;tablette;non
102947;A;ordinateur;non
102948;A;mobile;non
102949;A;mobile;non
102950;A;mobile;non
102951;A;mobile;non
102952;A;mobile;oui
102953;A;mobile;non
102954;B;tablette;non
102955;A;mobile;non
102956;B;mobile;non
102957;A;mobile;non
102958;B;tablette;non
102959;A;mobile;non
102960;B;mobile;non
102961;A;mobile;non
102962;B;mobile;non
102963;B;mobile;oui
102964;A;mobile;non
102965;B;mobile;non
102966;B;mobile;non
102967;A;ordinateur;non
102968;B;ordinateur;non
102969;B;mobile;non
102970;B;mobile;non
102971;B;mobile;non
102972;A;mobile;non
102973;A;mobile;non
102974;B;mobile;non
102975;A;mobile;non
102976;B;ordinateur;non
102977;B;tablette;non
102978;A;mobile;non
102979;A;mobile;non
102980;B;ordinateur;non
102981;A;ordinateur;non
102982;A;mobile;non
102983;A;tablette;non
102984;B;mobile;non
102985;B;mobile;non
102986;A;mobile;non
102987;A;mobile;non
102988;B;mobile;non
102989;B;mobile;non
102990;A;mobile;non
102991;B;ordinateur;non
102992;A;mobile;non
102993;B;mobile;non
102994;B;ordinateur;non
102995;A;mobile;non
102996;A;mobile;non
102997;B;ordinateur;non
102998;B;mobile;non
102999;B;mobile;non
103000;A;mobile;non
103001;B;mobile;non
103002;B;ordinateur;non
103003;B;ordinateur;non
103004;A;mobile;non
103005;B;mobile;non
103006;B;ordinateur;non
103007;A;mobile;non
103008;A;mobile;non
103009;B;mobile;non
103010;B;mobile;oui
103011;A;mobile;oui
103012;B;mobile;oui
103013;A;mobile;non
103014;A;ordinateur;non
103015;A;tablette;non
103016;B;mobile;non
103017;B;ordinateur;non
103018;A;mobile;oui
103019;B;mobile;non
103020;B;ordinateur;non
103021;B;ordinateur;non
103022;B;ordinateur;non
103023;B;mobile;non
103024;A;mobile;non
103025;B;ordinateur;non
103026;A;ordinateur;non
103027;B;mobile;non
103028;B;ordinateur;non
103029;B;mobile;non
103030;B;mobile;non
103031;B;ordinateur;non
103032;B;ordinateur;non
103033;A;ordinateur;non
103034;B;mobile;non
103035;A;ordinateur;non
103036;B;mobile;non
103037;B;ordinateur;non
103038;B;ordinateur;non
103039;A;mobile;non
103040;A;ordinateur;non
103041;A;mobile;non
103042;B;ordinateur;non
103043;B;mobile;non
103044;A;mobile;oui
103045;A;ordinateur;non
103046;A;mobile;non
103047;B;mobile;non
103048;A;mobile;non
103049;A;ordinateur;non
103050;A;mobile;non
103051;A;mobile;non
103052;B;ordinateur;non
103053;A;mobile;non
103054;A;mobile;non
103055;B;ordinateur;non
103056;B;mobile;non
103057;A;mobile;non
103058;A;mobile;non
103059;A;tablette;non
103060;B;ordinateur;non
103061;B;ordinateur;non
103062;B;mobile;non
103063;A;ordinateur;non
103064;B;mobile;non
103065;B;mobile;non
103066;A;mobile;non
103067;A;mobile;non
103068;B;mobile;non
103069;A;ordinateur;non
103070;A;ordinateur;non
103071;A;mobile;non
103072;B;ordinateur;non
103073;A;mobile;non
103074;B;mobile;non
103075;A;ordinateur;non
103076;A;mobile;non
103077;A;ordinateur;non
103078;A;mobile;non
103079;A;tablette;non
103080;B;mobile;non
103081;B;mobile;non
103082;B;mobile;non
103083;A;mobile;non
103084;A;mobile;non
103085;A;ordinateur;oui
103086;A;mobile;non
103087;B;mobile;non
103088;B;mobile;non
103089;B;ordinateur;oui
103090;B;mobile;non
103091;A;tablette;non
103092;A;mobile;non
103093;B;mobile;non
103094;A;ordinateur;non
103095;B;ordinateur;non
103096;B;mobile;non
103097;A;mobile;non
103098;A;ordinateur;non
103099;A;tablette;non
103100;B;ordinateur;non
103101;A;mobile;non
103102;A;mobile;non
103103;B;mobile;non
103104;A;mobile;non
103105;B;mobile;non
103106;A;mobile;non
103107;A;ordinateur;non
103108;A;ordinateur;non
103109;B;tablette;non
103110;B;ordinateur;non
103111;A;mobile;non
103112;A;mobile;non
103113;B;mobile;non
103114;B;tablette;non
103115;A;mobile;non
103116;A;mobile;non
103117;A;ordinateur;non
103118;B;ordinateur;non
103119;B;ordinateur;non
103120;A;mobile;non
103121;A;ordinateur;non
103122;B;mobile;non
103123;B;ordinateur;oui
103124;A;ordinateur;non
103125;B;mobile;non
103126;B;mobile;non
103127;A;ordinateur;non
103128;A;ordinateur;non
103129;B;mobile;non
103130;A;ordinateur;non
103131;B;tablette;non
103132;B;mobile;non
103133;A;ordinateur;non
103134;B;ordinateur;non
103135;B;mobile;non
103136;B;mobile;non
103137;A;ordinateur;non
103138;B;mobile;non
103139;A;mobile;non
103140;A;mobile;non
103141;A;ordinateur;non
103142;A;mobile;oui
103143;B;mobile;non
103144;B;mobile;oui
103145;B;ordinateur;non
103146;A;mobile;non
103147;A;mobile;non
103148;B;mobile;non
103149;B;mobile;non
103150;A;ordinateur;non
103151;A;mobile;non
103152;B;ordinateur;non
103153;B;mobile;non
103154;B;ordinateur;non
103155;A;mobile;non
103156;A;ordinateur;non
103157;A;ordinateur;non
103158;A;mobile;non
103159;B;mobile;non
103160;A;mobile;non
103161;A;mobile;non
103162;A;mobile;non
103163;A;mobile;non
103164;B;mobile;non
103165;B;ordinateur;non
103166;B;mobile;non
103167;B;mobile;non
103168;B;mobile;oui
103169;B;ordinateur;non
103170;A;ordinateur;non
103171;A;mobile;oui
103172;A;mobile;non
103173;B;mobile;non
103174;A;ordinateur;non
103175;B;ordinateur;non
103176;B;mobile;non
103177;B;tablette;non
103178;A;ordinateur;non
103179;B;mobile;non
103180;A;ordinateur;non
103181;B;mobile;non
103182;B;ordinateur;non
103183;B;ordinateur;non
103184;A;mobile;non
103185;A;ordinateur;non
103186;B;mobile;non
103187;B;tablette;non
103188;B;mobile;non
103189;A;ordinateur;non
103190;A;ordinateur;non
103191;A;mobile;non
103192;A;mobile;non
103193;B;mobile;non
103194;A;tablette;non
103195;A;mobile;non
103196;A;mobile;non
103197;B;ordinateur;non
103198;A;mobile;oui
103199;B;tablette;non
103200;B;mobile;non
103201;B;ordinateur;non
103202;A;mobile;non
103203;A;mobile;non
103204;A;mobile;non
103205;A;ordinateur;non
103206;A;ordinateur;non
103207;A;ordinateur;non
103208;A;mobile;non
103209;B;mobile;non
103210;A;ordinateur;non
103211;B;mobile;non
103212;B;mobile;non
103213;B;ordinateur;non
103214;A;mobile;non
103215;A;ordinateur;non
103216;B;ordinateur;non
103217;B;mobile;non
103218;A;tablette;non
103219;B;mobile;non
103220;B;ordinateur;non
103221;A;ordinateur;non
103222;A;mobile;non
103223;B;mobile;non
103224;A;mobile;non
103225;A;ordinateur;non
103226;A;mobile;non
103227;A;ordinateur;non
103228;A;mobile;non
103229;B;mobile;non
103230;A;mobile;non
103231;B;mobile;non
103232;B;mobile;non
103233;B;mobile;non
103234;A;mobile;non
103235;B;mobile;non
103236;B;mobile;non
103237;A;mobile;non
103238;A;mobile;non
103239;B;mobile;non
103240;B;ordinateur;non
103241;A;ordinateur;non
103242;A;ordinateur;non
103243;B;ordinateur;non
103244;A;tablette;non
103245;B;mobile;non
103246;A;ordinateur;non
103247;B;mobile;non
103248;A;ordinateur;non
103249;B;mobile;non
103250;B;ordinateur;non
103251;A;mobile;non
103252;B;ordinateur;non
103253;B;tablette;non
103254;B;mobile;non
103255;B;mobile;non
103256;A;mobile;non
103257;A;mobile;oui
103258;B;ordinateur;non
103259;A;mobile;non
103260;B;tablette;non
103261;B;mobile;non
103262;A;mobile;non
103263;B;mobile;non
103264;A;mobile;non
103265;A;ordinateur;non
103266;B;ordinateur;non
103267;B;ordinateur;non
103268;B;mobile;non
103269;B;mobile;non
103270;A;ordinateur;non
103271;B;mobile;non
103272;B;tablette;non
103273;B;ordinateur;non
103274;A;mobile;non
103275;B;mobile;non
103276;B;ordinateur;non
103277;A;mobile;non
103278;A;mobile;non
103279;B;mobile;non
103280;A;mobile;non
103281;B;mobile;non
103282;B;mobile;non
103283;A;ordinateur;non
103284;A;mobile;non
103285;B;mobile;non
103286;A;mobile;non
103287;B;mobile;non
103288;A;mobile;non
103289;A;mobile;non
103290;A;ordinateur;non
103291;B;mobile;non
103292;A;ordinateur;non
103293;A;ordinateur;non
103294;A;ordinateur;non
103295;B;mobile;non
103296;A;mobile;non
103297;B;tablette;non
103298;B;mobile;non
103299;A;ordinateur;non
103300;A;mobile;non
103301;A;mobile;non
103302;A;ordinateur;non
103303;B;mobile;non
103304;B;mobile;non
103305;B;mobile;non
103306;A;ordinateur;non
103307;B;mobile;non
103308;B;mobile;non
103309;A;ordinateur;non
103310;A;mobile;non
103311;B;ordinateur;non
103312;B;ordinateur;non
103313;B;ordinateur;non
103314;A;tablette;non
103315;B;ordinateur;non
103316;A;mobile;non
103317;A;tablette;non
103318;A;mobile;non
103319;A;ordinateur;non
103320;A;mobile;non
103321;B;mobile;non
103322;A;mobile;non
103323;A;mobile;non
103324;A;ordinateur;non
103325;A;mobile;non
103326;A;ordinateur;non
103327;B;mobile;non
103328;B;mobile;non
103329;B;ordinateur;non
103330;A;ordinateur;non
103331;B;mobile;non
103332;A;ordinateur;non
103333;A;tablette;non
103334;B;mobile;non
103335;B;mobile;non
103336;B;ordinateur;non
103337;B;mobile;non
103338;B;ordinateur;non
103339;A;mobile;non
103340;B;ordinateur;non
103341;B;ordinateur;non
103342;B;mobile;non
103343;A;ordinateur;non
103344;B;ordinateur;non
103345;B;ordinateur;non
103346;B;mobile;non
103347;A;ordinateur;non
103348;B;mobile;non
103349;B;ordinateur;non
103350;B;tablette;non
103351;A;mobile;non
103352;A;ordinateur;non
103353;B;ordinateur;non
103354;A;mobile;non
103355;B;ordinateur;non
103356;B;ordinateur;non
103357;B;ordinateur;non
103358;B;mobile;non
103359;A;mobile;non
103360;B;mobile;non
103361;B;ordinateur;oui
103362;A;mobile;non
103363;B;mobile;non
103364;B;mobile;non
103365;B;ordinateur;non
103366;A;tablette;non
103367;A;mobile;non
103368;B;ordinateur;non
103369;A;ordinateur;non
103370;B;mobile;non
103371;B;mobile;oui
103372;A;mobile;non
103373;A;tablette;non
103374;B;ordinateur;non
103375;B;ordinateur;non
103376;B;mobile;non
103377;A;mobile;non
103378;B;mobile;non
103379;B;ordinateur;non
103380;B;ordinateur;non
103381;A;mobile;non
103382;A;ordinateur;non
103383;A;ordinateur;non
103384;B;mobile;non
103385;A;ordinateur;non
103386;B;mobile;non
103387;B;mobile;non
103388;A;mobile;non
103389;B;ordinateur;non
103390;B;mobile;non
103391;B;ordinateur;non
103392;A;mobile;non
103393;B;ordinateur;non
103394;B;mobile;non
103395;A;mobile;non
103396;B;mobile;oui
103397;B;mobile;non
103398;B;mobile;non
103399;B;mobile;non
103400;A;mobile;non
103401;B;mobile;oui
103402;A;mobile;non
103403;B;ordinateur;non
103404;A;mobile;non
103405;B;tablette;non
103406;A;tablette;non
103407;A;ordinateur;non
103408;A;mobile;non
103409;A;ordinateur;non
103410;A;ordinateur;non
103411;B;mobile;non
103412;B;mobile;non
103413;B;ordinateur;non
103414;B;mobile;non
103415;A;mobile;non
103416;A;mobile;non
103417;B;mobile;non
103418;B;mobile;non
103419;B;mobile;non
103420;B;ordinateur;oui
103421;A;mobile;non
103422;B;ordinateur;non
103423;B;ordinateur;non
103424;B;ordinateur;non
103425;A;tablette;non
103426;B;mobile;non
103427;B;tablette;non
103428;A;mobile;non
103429;B;mobile;non
103430;A;mobile;oui
103431;B;mobile;non
103432;A;ordinateur;non
103433;B;mobile;non
103434;A;ordinateur;non
103435;A;mobile;non
103436;A;tablette;non
103437;B;mobile;oui
103438;A;mobile;non
103439;B;mobile;non
103440;B;ordinateur;non
103441;B;ordinateur;non
103442;A;ordinateur;non
103443;A;mobile;non
103444;A;ordinateur;non
103445;B;mobile;non
103446;A;mobile;non
103447;A;ordinateur;non
103448;B;ordinateur;non
103449;A;mobile;non
103450;A;ordinateur;non
103451;B;ordinateur;non
103452;B;tablette;non
103453;B;mobile;non
103454;B;mobile;non
103455;A;ordinateur;non
103456;B;mobile;non
103457;B;mobile;non
103458;A;mobile;non
103459;A;mobile;non
103460;B;mobile;non
103461;A;tablette;non
103462;A;mobile;non
103463;A;mobile;non
103464;A;mobile;non
103465;A;mobile;non
103466;B;mobile;non
103467;A;mobile;non
103468;A;mobile;non
103469;B;mobile;non
103470;B;mobile;non
103471;A;mobile;non
103472;B;ordinateur;non
103473;B;mobile;non
103474;B;mobile;non
103475;A;mobile;non
103476;A;mobile;non
103477;A;mobile;non
103478;B;tablette;non
103479;B;mobile;non
103480;A;mobile;non
103481;A;ordinateur;non
103482;B;mobile;non
103483;B;mobile;non
103484;B;mobile;non
103485;B;ordinateur;non
103486;A;mobile;non
103487;B;mobile;non
103488;A;ordinateur;non
103489;A;mobile;non
103490;B;mobile;non
103491;B;tablette;non
103492;A;mobile;non
103493;B;ordinateur;non
103494;A;ordinateur;non
103495;A;ordinateur;non
103496;B;tablette;non
103497;A;mobile;non
103498;A;mobile;non
103499;A;mobile;non
103500;A;ordinateur;non
103501;B;mobile;non
103502;A;mobile;non
103503;B;mobile;non
103504;A;tablette;non
103505;B;mobile;non
103506;B;ordinateur;non
103507;B;mobile;non
103508;B;mobile;non
103509;B;ordinateur;non
103510;B;mobile;non
103511;A;ordinateur;non
103512;A;ordinateur;non
103513;B;mobile;non
103514;A;ordinateur;non
103515;B;mobile;non
103516;B;mobile;non
103517;A;ordinateur;non
103518;A;ordinateur;non
103519;B;mobile;non
103520;B;mobile;non
103521;B;ordinateur;non
103522;B;mobile;non
103523;B;mobile;non
103524;B;ordinateur;non
103525;B;mobile;non
103526;B;ordinateur;non
103527;B;mobile;non
103528;B;ordinateur;non
103529;A;mobile;non
103530;A;mobile;non
103531;B;tablette;non
103532;A;mobile;non
103533;A;mobile;non
103534;B;ordinateur;non
103535;B;mobile;non
103536;B;ordinateur;non
103537;A;ordinateur;non
103538;A;mobile;non
103539;A;mobile;non
103540;B;ordinateur;oui
103541;A;ordinateur;non
103542;B;ordinateur;non
103543;B;mobile;non
103544;B;mobile;oui
103545;B;ordinateur;non
103546;B;mobile;non
103547;B;ordinateur;non
103548;A;ordinateur;non
103549;B;mobile;non
103550;A;mobile;non
103551;B;mobile;non
103552;B;mobile;non
103553;A;mobile;non
103554;A;mobile;non
103555;B;ordinateur;non
103556;B;mobile;non
103557;B;mobile;non
103558;B;ordinateur;non
103559;B;mobile;non
103560;A;mobile;non
103561;A;mobile;non
103562;A;mobile;non
103563;B;mobile;non
103564;B;mobile;non
103565;B;ordinateur;non
103566;A;ordinateur;non
103567;A;ordinateur;non
103568;A;ordinateur;oui
103569;B;mobile;non
103570;B;tablette;non
103571;A;mobile;non
103572;A;mobile;non
103573;A;mobile;non
103574;A;mobile;non
103575;A;ordinateur;non
103576;B;tablette;non
103577;B;mobile;non
103578;B;mobile;non
103579;B;mobile;non
103580;A;mobile;non
103581;B;mobile;non
103582;A;mobile;non
103583;A;ordinateur;oui
103584;B;mobile;non
103585;B;ordinateur;non
103586;B;ordinateur;non
103587;A;mobile;non
103588;B;mobile;non
103589;B;mobile;non
103590;A;ordinateur;non
103591;A;mobile;non
103592;B;tablette;non
103593;A;tablette;non
103594;B;ordinateur;non
103595;A;mobile;non
103596;B;mobile;non
103597;A;ordinateur;non
103598;B;mobile;non
103599;A;mobile;non
103600;A;ordinateur;non
103601;A;mobile;non
103602;A;ordinateur;non
103603;B;mobile;non
103604;A;ordinateur;non
103605;A;ordinateur;non
103606;B;tablette;non
103607;B;ordinateur;non
103608;A;mobile;non
103609;A;mobile;non
103610;A;ordinateur;non
103611;A;mobile;non
103612;B;mobile;non
103613;B;mobile;non
103614;A;ordinateur;non
103615;A;ordinateur;non
103616;A;tablette;non
103617;B;ordinateur;oui
103618;B;mobile;non
103619;B;mobile;non
103620;B;mobile;oui
103621;A;ordinateur;non
103622;B;ordinateur;non
103623;A;mobile;non
103624;A;mobile;non
103625;B;mobile;non
103626;A;ordinateur;non
103627;B;ordinateur;non
103628;A;ordinateur;non
103629;B;mobile;non
103630;A;mobile;non
103631;B;mobile;non
103632;B;mobile;non
103633;B;mobile;non
103634;A;mobile;non
103635;A;ordinateur;non
103636;B;ordinateur;non
103637;B;mobile;non
103638;B;mobile;non
103639;B;mobile;oui
103640;B;mobile;non
103641;B;mobile;non
103642;A;ordinateur;non
103643;A;ordinateur;non
103644;A;ordinateur;non
103645;A;mobile;non
103646;A;ordinateur;oui
103647;A;tablette;non
103648;A;mobile;non
103649;B;mobile;non
103650;B;mobile;non
103651;A;ordinateur;non
103652;A;mobile;non
103653;B;mobile;non
103654;B;tablette;non
103655;B;mobile;non
103656;B;mobile;non
103657;B;mobile;non
103658;B;mobile;non
103659;B;mobile;non
103660;B;mobile;non
103661;A;ordinateur;non
103662;A;mobile;non
103663;B;mobile;non
103664;A;mobile;non
103665;A;ordinateur;non
103666;B;mobile;non
103667;A;mobile;oui
103668;A;mobile;non
103669;B;tablette;non
103670;B;tablette;non
103671;A;ordinateur;non
103672;B;ordinateur;non
103673;B;ordinateur;non
103674;B;mobile;non
103675;A;tablette;non
103676;A;mobile;non
103677;A;mobile;non
103678;A;ordinateur;non
103679;A;mobile;non
103680;B;ordinateur;non
103681;B;ordinateur;non
103682;B;mobile;non
103683;A;ordinateur;non
103684;A;ordinateur;non
103685;A;mobile;non
103686;B;mobile;non
103687;B;mobile;non
103688;A;mobile;non
103689;A;mobile;non
103690;A;mobile;non
103691;B;ordinateur;non
103692;B;mobile;non
103693;A;ordinateur;non
103694;B;mobile;non
103695;A;ordinateur;non
103696;A;mobile;non
103697;B;mobile;non
103698;A;mobile;non
103699;A;mobile;non
103700;B;mobile;non
103701;B;mobile;oui
103702;B;mobile;non
103703;B;ordinateur;non
103704;A;mobile;non
103705;A;mobile;non
103706;A;ordinateur;non
103707;A;mobile;non
103708;B;mobile;non
103709;B;ordinateur;non
103710;B;ordinateur;non
103711;A;ordinateur;non
103712;B;mobile;non
103713;A;mobile;non
103714;B;mobile;non
103715;A;mobile;non
103716;A;ordinateur;non
103717;A;ordinateur;non
103718;B;mobile;non
103719;A;ordinateur;non
103720;B;tablette;non
103721;A;mobile;non
103722;B;mobile;non
103723;A;mobile;non
103724;B;tablette;non
103725;B;ordinateur;non
103726;A;mobile;non
103727;B;mobile;oui
103728;B;mobile;non
103729;B;mobile;non
103730;B;mobile;non
103731;B;mobile;non
103732;B;mobile;non
103733;A;mobile;non
103734;B;ordinateur;non
103735;A;ordinateur;non
103736;B;mobile;non
103737;B;ordinateur;non
103738;A;ordinateur;non
103739;A;mobile;non
103740;A;mobile;non
103741;B;ordinateur;non
103742;B;ordinateur;non
103743;A;mobile;non
103744;B;ordinateur;non
103745;A;mobile;non
103746;A;ordinateur;non
103747;B;mobile;non
103748;B;mobile;non
103749;B;mobile;non
103750;A;ordinateur;non
103751;A;ordinateur;non
103752;B;mobile;non
103753;A;ordinateur;non
103754;B;ordinateur;non
103755;B;mobile;non
103756;A;ordinateur;non
103757;B;mobile;non
103758;B;ordinateur;non
103759;B;mobile;non
103760;B;mobile;non
103761;B;mobile;non
103762;A;mobile;non
103763;A;mobile;non
103764;B;ordinateur;non
103765;B;mobile;oui
103766;A;ordinateur;non
103767;A;mobile;non
103768;A;ordinateur;non
103769;B;ordinateur;non
103770;B;ordinateur;non
103771;B;ordinateur;non
103772;A;ordinateur;non
103773;A;ordinateur;non
103774;B;ordinateur;non
103775;B;ordinateur;non
103776;B;mobile;non
103777;A;mobile;non
103778;B;ordinateur;non
103779;B;mobile;non
103780;A;ordinateur;non
103781;A;mobile;non
103782;B;mobile;oui
103783;B;ordinateur;non
103784;B;mobile;non
103785;A;mobile;non
103786;A;mobile;non
103787;A;mobile;non
103788;A;mobile;non
103789;B;ordinateur;non
103790;A;mobile;non
103791;A;mobile;non
103792;B;mobile;non
103793;A;mobile;non
103794;A;mobile;non
103795;B;tablette;non
103796;A;mobile;non
103797;B;ordinateur;non
103798;B;mobile;non
103799;A;ordinateur;non
103800;B;ordinateur;non
103801;B;mobile;non
103802;A;tablette;non
103803;A;mobile;non
103804;B;mobile;non
103805;B;mobile;non
103806;A;mobile;non
103807;A;mobile;non
103808;B;mobile;non
103809;B;mobile;non
103810;A;tablette;non
103811;A;mobile;non
103812;B;mobile;non
103813;A;mobile;non
103814;B;mobile;non
103815;B;mobile;non
103816;A;mobile;non
103817;A;ordinateur;non
103818;A;mobile;non
103819;A;mobile;non
103820;A;mobile;non
103821;A;mobile;non
103822;A;mobile;non
103823;A;ordinateur;non
103824;B;mobile;non
103825;A;mobile;non
103826;B;ordinateur;non
103827;B;mobile;non
103828;A;mobile;non
103829;B;mobile;non
103830;B;mobile;non
103831;A;tablette;non
103832;B;mobile;non
103833;A;mobile;non
103834;A;mobile;non
103835;A;mobile;non
103836;B;mobile;non
103837;A;mobile;non
103838;A;ordinateur;non
103839;A;ordinateur;non
103840;A;mobile;non
103841;A;ordinateur;non
103842;A;mobile;non
103843;A;mobile;non
103844;B;ordinateur;non
103845;A;mobile;oui
103846;B;mobile;non
103847;B;ordinateur;non
103848;B;ordinateur;non
103849;B;mobile;non
103850;B;ordinateur;non
103851;A;mobile;non
103852;B;tablette;non
103853;B;mobile;non
103854;A;mobile;non
103855;B;mobile;non
103856;A;mobile;non
103857;B;mobile;non
103858;B;mobile;non
103859;A;ordinateur;non
103860;B;ordinateur;non
103861;B;mobile;non
103862;A;mobile;non
103863;B;mobile;non
103864;A;ordinateur;non
103865;A;mobile;non
103866;A;mobile;non
103867;B;ordinateur;non
103868;B;ordinateur;non
103869;A;mobile;non
103870;A;ordinateur;non
103871;B;mobile;non
103872;A;mobile;non
103873;A;mobile;non
103874;A;mobile;non
103875;B;mobile;non
103876;B;ordinateur;non
103877;A;ordinateur;non
103878;B;mobile;non
103879;B;ordinateur;non
103880;A;mobile;non
103881;A;mobile;non
103882;A;mobile;non
103883;A;mobile;non
103884;B;ordinateur;non
103885;B;ordinateur;non
103886;A;mobile;non
103887;A;ordinateur;non
103888;B;mobile;non
103889;B;mobile;non
103890;B;ordinateur;non
103891;B;mobile;non
103892;B;mobile;non
103893;B;ordinateur;non
103894;A;mobile;non
103895;B;mobile;non
103896;A;mobile;non
103897;B;tablette;non
103898;B;mobile;non
103899;B;mobile;non
103900;A;mobile;non
103901;B;mobile;non
103902;A;mobile;non
103903;A;mobile;non
103904;A;ordinateur;non
103905;B;mobile;non
103906;B;mobile;non
103907;A;mobile;non
103908;B;ordinateur;non
103909;A;mobile;non
103910;A;mobile;non
103911;A;ordinateur;non
103912;B;mobile;non
103913;A;tablette;non
103914;B;tablette;non
103915;B;mobile;non
103916;A;mobile;non
103917;A;mobile;non
103918;B;mobile;oui
103919;B;mobile;non
103920;A;mobile;non
103921;A;ordinateur;non
103922;A;tablette;non
103923;B;mobile;non
103924;B;mobile;oui
103925;B;mobile;non
103926;A;ordinateur;non
103927;B;tablette;non
103928;B;mobile;non
103929;B;ordinateur;non
103930;A;ordinateur;non
103931;B;ordinateur;non
103932;A;mobile;non
103933;A;mobile;non
103934;A;tablette;non
103935;B;ordinateur;non
103936;A;mobile;non
103937;A;mobile;non
103938;B;mobile;non
103939;B;mobile;non
103940;B;ordinateur;non
103941;B;mobile;non
103942;A;ordinateur;non
103943;B;mobile;non
103944;A;mobile;non
103945;B;mobile;non
103946;A;ordinateur;non
103947;B;mobile;non
103948;A;ordinateur;non
103949;B;mobile;non
103950;A;ordinateur;non
103951;A;ordinateur;non
103952;B;mobile;non
103953;B;mobile;non
103954;B;ordinateur;non
103955;A;mobile;non
103956;B;ordinateur;non
103957;B;mobile;non
103958;B;mobile;non
103959;A;mobile;non
103960;B;ordinateur;non
103961;B;mobile;non
103962;A;tablette;non
103963;B;ordinateur;non
103964;A;mobile;non
103965;B;ordinateur;non
103966;A;mobile;non
103967;B;mobile;non
103968;B;ordinateur;non
103969;B;mobile;non
103970;A;tablette;non
103971;B;mobile;non
103972;B;mobile;non
103973;B;ordinateur;non
103974;B;mobile;non
103975;B;mobile;non
103976;A;mobile;non
103977;B;mobile;non
103978;A;ordinateur;non
103979;A;tablette;non
103980;A;tablette;non
103981;B;mobile;non
103982;A;mobile;non
103983;B;tablette;non
103984;B;tablette;non
103985;B;mobile;non
103986;A;ordinateur;non
103987;B;mobile;non
103988;A;mobile;non
103989;A;mobile;non
103990;A;mobile;non
103991;A;mobile;non
103992;B;ordinateur;non
103993;B;mobile;non
103994;B;mobile;non
103995;A;ordinateur;non
103996;B;ordinateur;non
103997;B;mobile;non
103998;B;mobile;non
103999;A;mobile;non
104000;A;tablette;non
